2026-02-16 02:44:49,944 - texts_annotation - INFO - database.py:133 - Initializing database: /var/folders/8q/t1qfs5kn6vzf8hxfd_pp7yv80000gn/T/tmpw8em913z.db
2026-02-16 02:44:49,951 - texts_annotation - INFO - database.py:238 - Creating performance indexes
2026-02-16 02:44:49,953 - texts_annotation - INFO - database.py:250 - Initializing default model version
2026-02-16 02:44:49,954 - texts_annotation - INFO - database.py:266 - Database initialized successfully
2026-02-16 02:44:49,955 - texts_annotation - INFO - text_repo.py:68 - Created text#1 with 2 candidates
2026-02-16 02:44:49,957 - texts_annotation - INFO - database.py:133 - Initializing database: /var/folders/8q/t1qfs5kn6vzf8hxfd_pp7yv80000gn/T/tmph36610n2.db
2026-02-16 02:44:49,959 - texts_annotation - INFO - database.py:238 - Creating performance indexes
2026-02-16 02:44:49,961 - texts_annotation - INFO - database.py:250 - Initializing default model version
2026-02-16 02:44:49,962 - texts_annotation - INFO - database.py:266 - Database initialized successfully
2026-02-16 02:44:49,963 - texts_annotation - INFO - text_repo.py:68 - Created text#1 with 0 candidates
2026-02-16 02:44:49,964 - texts_annotation - INFO - database.py:133 - Initializing database: /var/folders/8q/t1qfs5kn6vzf8hxfd_pp7yv80000gn/T/tmpipydf6lo.db
2026-02-16 02:44:49,967 - texts_annotation - INFO - database.py:238 - Creating performance indexes
2026-02-16 02:44:49,971 - texts_annotation - INFO - database.py:250 - Initializing default model version
2026-02-16 02:44:49,971 - texts_annotation - INFO - database.py:266 - Database initialized successfully
2026-02-16 02:44:49,972 - texts_annotation - INFO - text_repo.py:68 - Created text#1 with 0 candidates
2026-02-16 02:44:49,972 - texts_annotation - INFO - text_repo.py:68 - Created text#2 with 0 candidates
2026-02-16 02:44:49,973 - texts_annotation - INFO - text_repo.py:68 - Created text#3 with 0 candidates
2026-02-16 02:44:49,974 - texts_annotation - INFO - database.py:133 - Initializing database: /var/folders/8q/t1qfs5kn6vzf8hxfd_pp7yv80000gn/T/tmpneyvhio6.db
2026-02-16 02:44:49,978 - texts_annotation - INFO - database.py:238 - Creating performance indexes
2026-02-16 02:44:49,980 - texts_annotation - INFO - database.py:250 - Initializing default model version
2026-02-16 02:44:49,980 - texts_annotation - INFO - database.py:266 - Database initialized successfully
2026-02-16 02:44:49,981 - texts_annotation - INFO - text_repo.py:68 - Created text#1 with 0 candidates
2026-02-16 02:44:49,982 - texts_annotation - INFO - annotation_repo.py:78 - Saved 3 annotations for text#1 by test_user
2026-02-16 02:44:49,983 - texts_annotation - INFO - database.py:133 - Initializing database: /var/folders/8q/t1qfs5kn6vzf8hxfd_pp7yv80000gn/T/tmp2vhu56jj.db
2026-02-16 02:44:49,991 - texts_annotation - INFO - database.py:238 - Creating performance indexes
2026-02-16 02:44:49,993 - texts_annotation - INFO - database.py:250 - Initializing default model version
2026-02-16 02:44:49,993 - texts_annotation - INFO - database.py:266 - Database initialized successfully
2026-02-16 02:44:49,994 - texts_annotation - INFO - text_repo.py:68 - Created text#1 with 0 candidates
2026-02-16 02:44:49,995 - texts_annotation - INFO - annotation_repo.py:96 - Text#1 skipped by test_user
2026-02-16 02:44:49,999 - texts_annotation - INFO - annotation_repo.py:96 - Text#1 skipped by test_user
2026-02-16 02:44:50,000 - texts_annotation - INFO - database.py:133 - Initializing database: /var/folders/8q/t1qfs5kn6vzf8hxfd_pp7yv80000gn/T/tmp4neyzyzh.db
2026-02-16 02:44:50,003 - texts_annotation - INFO - database.py:238 - Creating performance indexes
2026-02-16 02:44:50,009 - texts_annotation - INFO - database.py:250 - Initializing default model version
2026-02-16 02:44:50,009 - texts_annotation - INFO - database.py:266 - Database initialized successfully
2026-02-16 02:44:50,010 - texts_annotation - INFO - text_repo.py:68 - Created text#1 with 0 candidates
2026-02-16 02:44:50,011 - texts_annotation - INFO - annotation_repo.py:96 - Text#1 skipped by test_user
2026-02-16 02:44:50,011 - texts_annotation - INFO - annotation_repo.py:111 - Text#1 unskipped by test_user
2026-02-16 02:44:50,011 - texts_annotation - INFO - annotation_repo.py:111 - Text#1 unskipped by test_user
2026-02-16 02:44:50,012 - texts_annotation - INFO - database.py:133 - Initializing database: /var/folders/8q/t1qfs5kn6vzf8hxfd_pp7yv80000gn/T/tmp1glx0tx7.db
2026-02-16 02:44:50,014 - texts_annotation - INFO - database.py:238 - Creating performance indexes
2026-02-16 02:44:50,021 - texts_annotation - INFO - database.py:250 - Initializing default model version
2026-02-16 02:44:50,022 - texts_annotation - INFO - database.py:266 - Database initialized successfully
2026-02-16 02:44:50,022 - texts_annotation - INFO - text_repo.py:68 - Created text#1 with 0 candidates
2026-02-16 02:44:50,023 - texts_annotation - INFO - annotation_repo.py:78 - Saved 1 annotations for text#1 by test_user
2026-02-16 02:44:50,023 - texts_annotation - INFO - text_repo.py:68 - Created text#2 with 0 candidates
2026-02-16 02:44:50,024 - texts_annotation - INFO - annotation_repo.py:78 - Saved 1 annotations for text#2 by test_user
2026-02-16 02:44:50,025 - texts_annotation - INFO - text_repo.py:68 - Created text#3 with 0 candidates
2026-02-16 02:44:50,025 - texts_annotation - INFO - annotation_repo.py:78 - Saved 1 annotations for text#3 by test_user
2026-02-16 02:44:50,025 - texts_annotation - INFO - text_repo.py:68 - Created text#4 with 0 candidates
2026-02-16 02:44:50,026 - texts_annotation - INFO - text_repo.py:68 - Created text#5 with 0 candidates
2026-02-16 02:44:50,027 - texts_annotation - INFO - database.py:133 - Initializing database: /var/folders/8q/t1qfs5kn6vzf8hxfd_pp7yv80000gn/T/tmpmk2ysf6y.db
2026-02-16 02:44:50,029 - texts_annotation - INFO - database.py:238 - Creating performance indexes
2026-02-16 02:44:50,031 - texts_annotation - INFO - database.py:250 - Initializing default model version
2026-02-16 02:44:50,031 - texts_annotation - INFO - database.py:266 - Database initialized successfully
2026-02-16 02:44:50,034 - texts_annotation - INFO - database.py:133 - Initializing database: /var/folders/8q/t1qfs5kn6vzf8hxfd_pp7yv80000gn/T/tmp157e3c7p.db
2026-02-16 02:44:50,036 - texts_annotation - INFO - database.py:238 - Creating performance indexes
2026-02-16 02:44:50,043 - texts_annotation - INFO - database.py:250 - Initializing default model version
2026-02-16 02:44:50,044 - texts_annotation - INFO - database.py:266 - Database initialized successfully
2026-02-16 02:44:50,046 - texts_annotation - INFO - database.py:133 - Initializing database: /var/folders/8q/t1qfs5kn6vzf8hxfd_pp7yv80000gn/T/tmp_0m7gmy1.db
2026-02-16 02:44:50,048 - texts_annotation - INFO - database.py:238 - Creating performance indexes
2026-02-16 02:44:50,050 - texts_annotation - INFO - database.py:250 - Initializing default model version
2026-02-16 02:44:50,051 - texts_annotation - INFO - database.py:266 - Database initialized successfully
2026-02-16 02:44:50,054 - texts_annotation - INFO - database.py:133 - Initializing database: /var/folders/8q/t1qfs5kn6vzf8hxfd_pp7yv80000gn/T/tmpwidb_7zt.db
2026-02-16 02:44:50,057 - texts_annotation - INFO - database.py:238 - Creating performance indexes
2026-02-16 02:44:50,059 - texts_annotation - INFO - database.py:250 - Initializing default model version
2026-02-16 02:44:50,059 - texts_annotation - INFO - database.py:266 - Database initialized successfully
2026-02-16 02:44:50,060 - texts_annotation - INFO - intent_repo.py:52 - Loading intents from file: /var/folders/8q/t1qfs5kn6vzf8hxfd_pp7yv80000gn/T/tmpij0ib96i.yaml
2026-02-16 02:44:50,060 - texts_annotation - INFO - yaml_loader.py:23 - Loaded YAML file: /var/folders/8q/t1qfs5kn6vzf8hxfd_pp7yv80000gn/T/tmpij0ib96i.yaml
2026-02-16 02:44:50,060 - texts_annotation - INFO - intent_repo.py:68 - Loaded 2 intents
2026-02-16 02:44:50,062 - texts_annotation - INFO - yaml_loader.py:23 - Loaded YAML file: /var/folders/8q/t1qfs5kn6vzf8hxfd_pp7yv80000gn/T/tmps49d4986.yaml
2026-02-16 02:44:50,062 - texts_annotation - INFO - auth_service.py:42 - Loaded 2 annotators
2026-02-16 02:44:50,064 - texts_annotation - INFO - yaml_loader.py:23 - Loaded YAML file: /var/folders/8q/t1qfs5kn6vzf8hxfd_pp7yv80000gn/T/tmpjf0p95s0.yaml
2026-02-16 02:44:50,064 - texts_annotation - WARNING - auth_service.py:35 - Converted legacy 'languge' to 'language' for user1
2026-02-16 02:44:50,064 - texts_annotation - INFO - auth_service.py:42 - Loaded 1 annotators
2026-02-16 02:44:50,065 - texts_annotation - INFO - yaml_loader.py:23 - Loaded YAML file: /var/folders/8q/t1qfs5kn6vzf8hxfd_pp7yv80000gn/T/tmpscy1680l.yaml
2026-02-16 02:44:50,065 - texts_annotation - INFO - auth_service.py:42 - Loaded 1 annotators
2026-02-16 02:44:50,065 - texts_annotation - INFO - auth_service.py:60 - Annotator authenticated: test_user
2026-02-16 02:44:50,066 - texts_annotation - INFO - yaml_loader.py:23 - Loaded YAML file: /var/folders/8q/t1qfs5kn6vzf8hxfd_pp7yv80000gn/T/tmph7t1i0g6.yaml
2026-02-16 02:44:50,066 - texts_annotation - INFO - auth_service.py:42 - Loaded 1 annotators
2026-02-16 02:44:50,066 - texts_annotation - WARNING - auth_service.py:63 - Authentication failed for: test_user
2026-02-16 02:44:50,067 - texts_annotation - INFO - yaml_loader.py:23 - Loaded YAML file: /var/folders/8q/t1qfs5kn6vzf8hxfd_pp7yv80000gn/T/tmpocio8dsj.yaml
2026-02-16 02:44:50,067 - texts_annotation - INFO - auth_service.py:42 - Loaded 0 annotators
2026-02-16 02:44:50,067 - texts_annotation - WARNING - auth_service.py:63 - Authentication failed for: nonexistent
2026-02-16 02:44:50,069 - texts_annotation - INFO - yaml_loader.py:23 - Loaded YAML file: /var/folders/8q/t1qfs5kn6vzf8hxfd_pp7yv80000gn/T/tmpfyicqkno.yaml
2026-02-16 02:44:50,069 - texts_annotation - INFO - auth_service.py:42 - Loaded 1 annotators
2026-02-16 02:52:38,734 - texts_annotation - INFO - database.py:133 - Initializing database: /var/folders/8q/t1qfs5kn6vzf8hxfd_pp7yv80000gn/T/tmpa558c6vj.db
2026-02-16 02:52:38,738 - texts_annotation - INFO - database.py:238 - Creating performance indexes
2026-02-16 02:52:38,740 - texts_annotation - INFO - database.py:250 - Initializing default model version
2026-02-16 02:52:38,740 - texts_annotation - INFO - database.py:266 - Database initialized successfully
2026-02-16 02:52:38,741 - texts_annotation - INFO - text_repo.py:68 - Created text#1 with 2 candidates
2026-02-16 02:52:38,743 - texts_annotation - INFO - database.py:133 - Initializing database: /var/folders/8q/t1qfs5kn6vzf8hxfd_pp7yv80000gn/T/tmpsj8jvahg.db
2026-02-16 02:52:38,745 - texts_annotation - INFO - database.py:238 - Creating performance indexes
2026-02-16 02:52:38,747 - texts_annotation - INFO - database.py:250 - Initializing default model version
2026-02-16 02:52:38,748 - texts_annotation - INFO - database.py:266 - Database initialized successfully
2026-02-16 02:52:38,748 - texts_annotation - INFO - text_repo.py:68 - Created text#1 with 0 candidates
2026-02-16 02:52:38,749 - texts_annotation - INFO - database.py:133 - Initializing database: /var/folders/8q/t1qfs5kn6vzf8hxfd_pp7yv80000gn/T/tmpdi4j_z_o.db
2026-02-16 02:52:38,752 - texts_annotation - INFO - database.py:238 - Creating performance indexes
2026-02-16 02:52:38,754 - texts_annotation - INFO - database.py:250 - Initializing default model version
2026-02-16 02:52:38,755 - texts_annotation - INFO - database.py:266 - Database initialized successfully
2026-02-16 02:52:38,755 - texts_annotation - INFO - text_repo.py:68 - Created text#1 with 0 candidates
2026-02-16 02:52:38,756 - texts_annotation - INFO - text_repo.py:68 - Created text#2 with 0 candidates
2026-02-16 02:52:38,756 - texts_annotation - INFO - text_repo.py:68 - Created text#3 with 0 candidates
2026-02-16 02:52:38,757 - texts_annotation - INFO - database.py:133 - Initializing database: /var/folders/8q/t1qfs5kn6vzf8hxfd_pp7yv80000gn/T/tmpflff2wc_.db
2026-02-16 02:52:38,760 - texts_annotation - INFO - database.py:238 - Creating performance indexes
2026-02-16 02:52:38,762 - texts_annotation - INFO - database.py:250 - Initializing default model version
2026-02-16 02:52:38,762 - texts_annotation - INFO - database.py:266 - Database initialized successfully
2026-02-16 02:52:38,763 - texts_annotation - INFO - text_repo.py:68 - Created text#1 with 0 candidates
2026-02-16 02:52:38,763 - texts_annotation - INFO - annotation_repo.py:78 - Saved 3 annotations for text#1 by test_user
2026-02-16 02:52:38,764 - texts_annotation - INFO - database.py:133 - Initializing database: /var/folders/8q/t1qfs5kn6vzf8hxfd_pp7yv80000gn/T/tmpk4ub78ry.db
2026-02-16 02:52:38,767 - texts_annotation - INFO - database.py:238 - Creating performance indexes
2026-02-16 02:52:38,769 - texts_annotation - INFO - database.py:250 - Initializing default model version
2026-02-16 02:52:38,770 - texts_annotation - INFO - database.py:266 - Database initialized successfully
2026-02-16 02:52:38,770 - texts_annotation - INFO - text_repo.py:68 - Created text#1 with 0 candidates
2026-02-16 02:52:38,772 - texts_annotation - INFO - annotation_repo.py:96 - Text#1 skipped by test_user
2026-02-16 02:52:38,772 - texts_annotation - INFO - annotation_repo.py:96 - Text#1 skipped by test_user
2026-02-16 02:52:38,773 - texts_annotation - INFO - database.py:133 - Initializing database: /var/folders/8q/t1qfs5kn6vzf8hxfd_pp7yv80000gn/T/tmptig7znza.db
2026-02-16 02:52:38,775 - texts_annotation - INFO - database.py:238 - Creating performance indexes
2026-02-16 02:52:38,778 - texts_annotation - INFO - database.py:250 - Initializing default model version
2026-02-16 02:52:38,779 - texts_annotation - INFO - database.py:266 - Database initialized successfully
2026-02-16 02:52:38,779 - texts_annotation - INFO - text_repo.py:68 - Created text#1 with 0 candidates
2026-02-16 02:52:38,780 - texts_annotation - INFO - annotation_repo.py:96 - Text#1 skipped by test_user
2026-02-16 02:52:38,780 - texts_annotation - INFO - annotation_repo.py:111 - Text#1 unskipped by test_user
2026-02-16 02:52:38,780 - texts_annotation - INFO - annotation_repo.py:111 - Text#1 unskipped by test_user
2026-02-16 02:52:38,781 - texts_annotation - INFO - database.py:133 - Initializing database: /var/folders/8q/t1qfs5kn6vzf8hxfd_pp7yv80000gn/T/tmp_jlndlku.db
2026-02-16 02:52:38,783 - texts_annotation - INFO - database.py:238 - Creating performance indexes
2026-02-16 02:52:38,786 - texts_annotation - INFO - database.py:250 - Initializing default model version
2026-02-16 02:52:38,787 - texts_annotation - INFO - database.py:266 - Database initialized successfully
2026-02-16 02:52:38,788 - texts_annotation - INFO - text_repo.py:68 - Created text#1 with 0 candidates
2026-02-16 02:52:38,788 - texts_annotation - INFO - annotation_repo.py:78 - Saved 1 annotations for text#1 by test_user
2026-02-16 02:52:38,789 - texts_annotation - INFO - text_repo.py:68 - Created text#2 with 0 candidates
2026-02-16 02:52:38,789 - texts_annotation - INFO - annotation_repo.py:78 - Saved 1 annotations for text#2 by test_user
2026-02-16 02:52:38,790 - texts_annotation - INFO - text_repo.py:68 - Created text#3 with 0 candidates
2026-02-16 02:52:38,791 - texts_annotation - INFO - annotation_repo.py:78 - Saved 1 annotations for text#3 by test_user
2026-02-16 02:52:38,791 - texts_annotation - INFO - text_repo.py:68 - Created text#4 with 0 candidates
2026-02-16 02:52:38,792 - texts_annotation - INFO - text_repo.py:68 - Created text#5 with 0 candidates
2026-02-16 02:52:38,793 - texts_annotation - INFO - database.py:133 - Initializing database: /var/folders/8q/t1qfs5kn6vzf8hxfd_pp7yv80000gn/T/tmpl0ap0cig.db
2026-02-16 02:52:38,796 - texts_annotation - INFO - database.py:238 - Creating performance indexes
2026-02-16 02:52:38,798 - texts_annotation - INFO - database.py:250 - Initializing default model version
2026-02-16 02:52:38,798 - texts_annotation - INFO - database.py:266 - Database initialized successfully
2026-02-16 02:52:38,801 - texts_annotation - INFO - database.py:133 - Initializing database: /var/folders/8q/t1qfs5kn6vzf8hxfd_pp7yv80000gn/T/tmpmlai_cdc.db
2026-02-16 02:52:38,804 - texts_annotation - INFO - database.py:238 - Creating performance indexes
2026-02-16 02:52:38,806 - texts_annotation - INFO - database.py:250 - Initializing default model version
2026-02-16 02:52:38,806 - texts_annotation - INFO - database.py:266 - Database initialized successfully
2026-02-16 02:52:38,809 - texts_annotation - INFO - database.py:133 - Initializing database: /var/folders/8q/t1qfs5kn6vzf8hxfd_pp7yv80000gn/T/tmpl5rg2c5l.db
2026-02-16 02:52:38,811 - texts_annotation - INFO - database.py:238 - Creating performance indexes
2026-02-16 02:52:38,813 - texts_annotation - INFO - database.py:250 - Initializing default model version
2026-02-16 02:52:38,814 - texts_annotation - INFO - database.py:266 - Database initialized successfully
2026-02-16 02:52:38,817 - texts_annotation - INFO - database.py:133 - Initializing database: /var/folders/8q/t1qfs5kn6vzf8hxfd_pp7yv80000gn/T/tmpubyfd3gt.db
2026-02-16 02:52:38,820 - texts_annotation - INFO - database.py:238 - Creating performance indexes
2026-02-16 02:52:38,822 - texts_annotation - INFO - database.py:250 - Initializing default model version
2026-02-16 02:52:38,823 - texts_annotation - INFO - database.py:266 - Database initialized successfully
2026-02-16 02:52:38,823 - texts_annotation - INFO - intent_repo.py:52 - Loading intents from file: /var/folders/8q/t1qfs5kn6vzf8hxfd_pp7yv80000gn/T/tmp1ai_x42t.yaml
2026-02-16 02:52:38,824 - texts_annotation - INFO - yaml_loader.py:23 - Loaded YAML file: /var/folders/8q/t1qfs5kn6vzf8hxfd_pp7yv80000gn/T/tmp1ai_x42t.yaml
2026-02-16 02:52:38,824 - texts_annotation - INFO - intent_repo.py:68 - Loaded 2 intents
2026-02-16 02:52:38,826 - texts_annotation - INFO - yaml_loader.py:23 - Loaded YAML file: /var/folders/8q/t1qfs5kn6vzf8hxfd_pp7yv80000gn/T/tmpyjyh2nsp.yaml
2026-02-16 02:52:38,826 - texts_annotation - INFO - auth_service.py:42 - Loaded 2 annotators
2026-02-16 02:52:38,828 - texts_annotation - INFO - yaml_loader.py:23 - Loaded YAML file: /var/folders/8q/t1qfs5kn6vzf8hxfd_pp7yv80000gn/T/tmp7nchzjek.yaml
2026-02-16 02:52:38,828 - texts_annotation - WARNING - auth_service.py:35 - Converted legacy 'languge' to 'language' for user1
2026-02-16 02:52:38,828 - texts_annotation - INFO - auth_service.py:42 - Loaded 1 annotators
2026-02-16 02:52:38,829 - texts_annotation - INFO - yaml_loader.py:23 - Loaded YAML file: /var/folders/8q/t1qfs5kn6vzf8hxfd_pp7yv80000gn/T/tmp_nnbn5pu.yaml
2026-02-16 02:52:38,829 - texts_annotation - INFO - auth_service.py:42 - Loaded 1 annotators
2026-02-16 02:52:38,829 - texts_annotation - INFO - auth_service.py:60 - Annotator authenticated: test_user
2026-02-16 02:52:38,830 - texts_annotation - INFO - yaml_loader.py:23 - Loaded YAML file: /var/folders/8q/t1qfs5kn6vzf8hxfd_pp7yv80000gn/T/tmpmhyhluxv.yaml
2026-02-16 02:52:38,830 - texts_annotation - INFO - auth_service.py:42 - Loaded 1 annotators
2026-02-16 02:52:38,830 - texts_annotation - WARNING - auth_service.py:63 - Authentication failed for: test_user
2026-02-16 02:52:38,831 - texts_annotation - INFO - yaml_loader.py:23 - Loaded YAML file: /var/folders/8q/t1qfs5kn6vzf8hxfd_pp7yv80000gn/T/tmpkk01smsh.yaml
2026-02-16 02:52:38,831 - texts_annotation - INFO - auth_service.py:42 - Loaded 0 annotators
2026-02-16 02:52:38,831 - texts_annotation - WARNING - auth_service.py:63 - Authentication failed for: nonexistent
2026-02-16 02:52:38,832 - texts_annotation - INFO - yaml_loader.py:23 - Loaded YAML file: /var/folders/8q/t1qfs5kn6vzf8hxfd_pp7yv80000gn/T/tmp9rg4wm_x.yaml
2026-02-16 02:52:38,832 - texts_annotation - INFO - auth_service.py:42 - Loaded 1 annotators
2026-02-16 02:53:49,902 - texts_annotation - INFO - database.py:133 - Initializing database: /var/folders/8q/t1qfs5kn6vzf8hxfd_pp7yv80000gn/T/tmpfmd040y5.db
2026-02-16 02:53:49,907 - texts_annotation - INFO - database.py:238 - Creating performance indexes
2026-02-16 02:53:49,909 - texts_annotation - INFO - database.py:250 - Initializing default model version
2026-02-16 02:53:49,910 - texts_annotation - INFO - database.py:266 - Database initialized successfully
2026-02-16 02:53:49,911 - texts_annotation - INFO - text_repo.py:68 - Created text#1 with 2 candidates
2026-02-16 02:53:49,913 - texts_annotation - INFO - database.py:133 - Initializing database: /var/folders/8q/t1qfs5kn6vzf8hxfd_pp7yv80000gn/T/tmp134cbmcg.db
2026-02-16 02:53:49,916 - texts_annotation - INFO - database.py:238 - Creating performance indexes
2026-02-16 02:53:49,918 - texts_annotation - INFO - database.py:250 - Initializing default model version
2026-02-16 02:53:49,919 - texts_annotation - INFO - database.py:266 - Database initialized successfully
2026-02-16 02:53:49,919 - texts_annotation - INFO - text_repo.py:68 - Created text#1 with 0 candidates
2026-02-16 02:53:49,920 - texts_annotation - INFO - database.py:133 - Initializing database: /var/folders/8q/t1qfs5kn6vzf8hxfd_pp7yv80000gn/T/tmp35dfestw.db
2026-02-16 02:53:49,923 - texts_annotation - INFO - database.py:238 - Creating performance indexes
2026-02-16 02:53:49,925 - texts_annotation - INFO - database.py:250 - Initializing default model version
2026-02-16 02:53:49,926 - texts_annotation - INFO - database.py:266 - Database initialized successfully
2026-02-16 02:53:49,927 - texts_annotation - INFO - text_repo.py:68 - Created text#1 with 0 candidates
2026-02-16 02:53:49,927 - texts_annotation - INFO - text_repo.py:68 - Created text#2 with 0 candidates
2026-02-16 02:53:49,928 - texts_annotation - INFO - text_repo.py:68 - Created text#3 with 0 candidates
2026-02-16 02:53:49,929 - texts_annotation - INFO - database.py:133 - Initializing database: /var/folders/8q/t1qfs5kn6vzf8hxfd_pp7yv80000gn/T/tmpufbpissz.db
2026-02-16 02:53:49,932 - texts_annotation - INFO - database.py:238 - Creating performance indexes
2026-02-16 02:53:49,935 - texts_annotation - INFO - database.py:250 - Initializing default model version
2026-02-16 02:53:49,935 - texts_annotation - INFO - database.py:266 - Database initialized successfully
2026-02-16 02:53:49,936 - texts_annotation - INFO - text_repo.py:68 - Created text#1 with 0 candidates
2026-02-16 02:53:49,937 - texts_annotation - INFO - annotation_repo.py:78 - Saved 3 annotations for text#1 by test_user
2026-02-16 02:53:49,938 - texts_annotation - INFO - database.py:133 - Initializing database: /var/folders/8q/t1qfs5kn6vzf8hxfd_pp7yv80000gn/T/tmpj0jxz1uu.db
2026-02-16 02:53:49,941 - texts_annotation - INFO - database.py:238 - Creating performance indexes
2026-02-16 02:53:49,943 - texts_annotation - INFO - database.py:250 - Initializing default model version
2026-02-16 02:53:49,944 - texts_annotation - INFO - database.py:266 - Database initialized successfully
2026-02-16 02:53:49,944 - texts_annotation - INFO - text_repo.py:68 - Created text#1 with 0 candidates
2026-02-16 02:53:49,946 - texts_annotation - INFO - annotation_repo.py:96 - Text#1 skipped by test_user
2026-02-16 02:53:49,946 - texts_annotation - INFO - annotation_repo.py:96 - Text#1 skipped by test_user
2026-02-16 02:53:49,947 - texts_annotation - INFO - database.py:133 - Initializing database: /var/folders/8q/t1qfs5kn6vzf8hxfd_pp7yv80000gn/T/tmplzpehqjw.db
2026-02-16 02:53:49,950 - texts_annotation - INFO - database.py:238 - Creating performance indexes
2026-02-16 02:53:49,952 - texts_annotation - INFO - database.py:250 - Initializing default model version
2026-02-16 02:53:49,953 - texts_annotation - INFO - database.py:266 - Database initialized successfully
2026-02-16 02:53:49,954 - texts_annotation - INFO - text_repo.py:68 - Created text#1 with 0 candidates
2026-02-16 02:53:49,954 - texts_annotation - INFO - annotation_repo.py:96 - Text#1 skipped by test_user
2026-02-16 02:53:49,955 - texts_annotation - INFO - annotation_repo.py:111 - Text#1 unskipped by test_user
2026-02-16 02:53:49,955 - texts_annotation - INFO - annotation_repo.py:111 - Text#1 unskipped by test_user
2026-02-16 02:53:49,956 - texts_annotation - INFO - database.py:133 - Initializing database: /var/folders/8q/t1qfs5kn6vzf8hxfd_pp7yv80000gn/T/tmpa8h4vpb8.db
2026-02-16 02:53:49,959 - texts_annotation - INFO - database.py:238 - Creating performance indexes
2026-02-16 02:53:49,961 - texts_annotation - INFO - database.py:250 - Initializing default model version
2026-02-16 02:53:49,962 - texts_annotation - INFO - database.py:266 - Database initialized successfully
2026-02-16 02:53:49,962 - texts_annotation - INFO - text_repo.py:68 - Created text#1 with 0 candidates
2026-02-16 02:53:49,963 - texts_annotation - INFO - annotation_repo.py:78 - Saved 1 annotations for text#1 by test_user
2026-02-16 02:53:49,964 - texts_annotation - INFO - text_repo.py:68 - Created text#2 with 0 candidates
2026-02-16 02:53:49,964 - texts_annotation - INFO - annotation_repo.py:78 - Saved 1 annotations for text#2 by test_user
2026-02-16 02:53:49,965 - texts_annotation - INFO - text_repo.py:68 - Created text#3 with 0 candidates
2026-02-16 02:53:49,965 - texts_annotation - INFO - annotation_repo.py:78 - Saved 1 annotations for text#3 by test_user
2026-02-16 02:53:49,966 - texts_annotation - INFO - text_repo.py:68 - Created text#4 with 0 candidates
2026-02-16 02:53:49,966 - texts_annotation - INFO - text_repo.py:68 - Created text#5 with 0 candidates
2026-02-16 02:53:49,967 - texts_annotation - INFO - database.py:133 - Initializing database: /var/folders/8q/t1qfs5kn6vzf8hxfd_pp7yv80000gn/T/tmp0ikh0_bs.db
2026-02-16 02:53:49,970 - texts_annotation - INFO - database.py:238 - Creating performance indexes
2026-02-16 02:53:49,972 - texts_annotation - INFO - database.py:250 - Initializing default model version
2026-02-16 02:53:49,972 - texts_annotation - INFO - database.py:266 - Database initialized successfully
2026-02-16 02:53:49,975 - texts_annotation - INFO - database.py:133 - Initializing database: /var/folders/8q/t1qfs5kn6vzf8hxfd_pp7yv80000gn/T/tmpta6ukj9y.db
2026-02-16 02:53:49,978 - texts_annotation - INFO - database.py:238 - Creating performance indexes
2026-02-16 02:53:49,981 - texts_annotation - INFO - database.py:250 - Initializing default model version
2026-02-16 02:53:49,981 - texts_annotation - INFO - database.py:266 - Database initialized successfully
2026-02-16 02:53:49,984 - texts_annotation - INFO - database.py:133 - Initializing database: /var/folders/8q/t1qfs5kn6vzf8hxfd_pp7yv80000gn/T/tmpgmoe4g4p.db
2026-02-16 02:53:49,987 - texts_annotation - INFO - database.py:238 - Creating performance indexes
2026-02-16 02:53:49,990 - texts_annotation - INFO - database.py:250 - Initializing default model version
2026-02-16 02:53:49,990 - texts_annotation - INFO - database.py:266 - Database initialized successfully
2026-02-16 02:53:49,994 - texts_annotation - INFO - database.py:133 - Initializing database: /var/folders/8q/t1qfs5kn6vzf8hxfd_pp7yv80000gn/T/tmpo3l7o5ho.db
2026-02-16 02:53:49,997 - texts_annotation - INFO - database.py:238 - Creating performance indexes
2026-02-16 02:53:49,999 - texts_annotation - INFO - database.py:250 - Initializing default model version
2026-02-16 02:53:49,999 - texts_annotation - INFO - database.py:266 - Database initialized successfully
2026-02-16 02:53:50,000 - texts_annotation - INFO - intent_repo.py:52 - Loading intents from file: /var/folders/8q/t1qfs5kn6vzf8hxfd_pp7yv80000gn/T/tmpx76z1w_r.yaml
2026-02-16 02:53:50,001 - texts_annotation - INFO - yaml_loader.py:23 - Loaded YAML file: /var/folders/8q/t1qfs5kn6vzf8hxfd_pp7yv80000gn/T/tmpx76z1w_r.yaml
2026-02-16 02:53:50,001 - texts_annotation - INFO - intent_repo.py:68 - Loaded 2 intents
2026-02-16 02:53:50,003 - texts_annotation - INFO - yaml_loader.py:23 - Loaded YAML file: /var/folders/8q/t1qfs5kn6vzf8hxfd_pp7yv80000gn/T/tmpnkxi836v.yaml
2026-02-16 02:53:50,003 - texts_annotation - INFO - auth_service.py:42 - Loaded 2 annotators
2026-02-16 02:53:50,005 - texts_annotation - INFO - yaml_loader.py:23 - Loaded YAML file: /var/folders/8q/t1qfs5kn6vzf8hxfd_pp7yv80000gn/T/tmpvcows_9q.yaml
2026-02-16 02:53:50,005 - texts_annotation - WARNING - auth_service.py:35 - Converted legacy 'languge' to 'language' for user1
2026-02-16 02:53:50,005 - texts_annotation - INFO - auth_service.py:42 - Loaded 1 annotators
2026-02-16 02:53:50,007 - texts_annotation - INFO - yaml_loader.py:23 - Loaded YAML file: /var/folders/8q/t1qfs5kn6vzf8hxfd_pp7yv80000gn/T/tmpdmwuus5l.yaml
2026-02-16 02:53:50,007 - texts_annotation - INFO - auth_service.py:42 - Loaded 1 annotators
2026-02-16 02:53:50,007 - texts_annotation - INFO - auth_service.py:60 - Annotator authenticated: test_user
2026-02-16 02:53:50,008 - texts_annotation - INFO - yaml_loader.py:23 - Loaded YAML file: /var/folders/8q/t1qfs5kn6vzf8hxfd_pp7yv80000gn/T/tmpmya18ju2.yaml
2026-02-16 02:53:50,008 - texts_annotation - INFO - auth_service.py:42 - Loaded 1 annotators
2026-02-16 02:53:50,008 - texts_annotation - WARNING - auth_service.py:63 - Authentication failed for: test_user
2026-02-16 02:53:50,009 - texts_annotation - INFO - yaml_loader.py:23 - Loaded YAML file: /var/folders/8q/t1qfs5kn6vzf8hxfd_pp7yv80000gn/T/tmp4f2ge8v8.yaml
2026-02-16 02:53:50,009 - texts_annotation - INFO - auth_service.py:42 - Loaded 0 annotators
2026-02-16 02:53:50,009 - texts_annotation - WARNING - auth_service.py:63 - Authentication failed for: nonexistent
2026-02-16 02:53:50,011 - texts_annotation - INFO - yaml_loader.py:23 - Loaded YAML file: /var/folders/8q/t1qfs5kn6vzf8hxfd_pp7yv80000gn/T/tmp9ebdo4v3.yaml
2026-02-16 02:53:50,011 - texts_annotation - INFO - auth_service.py:42 - Loaded 1 annotators
2026-02-16 02:55:49,665 - texts_annotation - INFO - database.py:133 - Initializing database: /var/folders/8q/t1qfs5kn6vzf8hxfd_pp7yv80000gn/T/tmpvdc84oox.db
2026-02-16 02:55:49,669 - texts_annotation - INFO - database.py:238 - Creating performance indexes
2026-02-16 02:55:49,672 - texts_annotation - INFO - database.py:250 - Initializing default model version
2026-02-16 02:55:49,672 - texts_annotation - INFO - database.py:266 - Database initialized successfully
2026-02-16 02:55:49,673 - texts_annotation - INFO - text_repo.py:68 - Created text#1 with 2 candidates
2026-02-16 02:55:49,675 - texts_annotation - INFO - database.py:133 - Initializing database: /var/folders/8q/t1qfs5kn6vzf8hxfd_pp7yv80000gn/T/tmpwd9niu3l.db
2026-02-16 02:55:49,678 - texts_annotation - INFO - database.py:238 - Creating performance indexes
2026-02-16 02:55:49,681 - texts_annotation - INFO - database.py:250 - Initializing default model version
2026-02-16 02:55:49,681 - texts_annotation - INFO - database.py:266 - Database initialized successfully
2026-02-16 02:55:49,682 - texts_annotation - INFO - text_repo.py:68 - Created text#1 with 0 candidates
2026-02-16 02:55:49,683 - texts_annotation - INFO - database.py:133 - Initializing database: /var/folders/8q/t1qfs5kn6vzf8hxfd_pp7yv80000gn/T/tmpeqgflu4q.db
2026-02-16 02:55:49,686 - texts_annotation - INFO - database.py:238 - Creating performance indexes
2026-02-16 02:55:49,688 - texts_annotation - INFO - database.py:250 - Initializing default model version
2026-02-16 02:55:49,688 - texts_annotation - INFO - database.py:266 - Database initialized successfully
2026-02-16 02:55:49,689 - texts_annotation - INFO - text_repo.py:68 - Created text#1 with 0 candidates
2026-02-16 02:55:49,690 - texts_annotation - INFO - text_repo.py:68 - Created text#2 with 0 candidates
2026-02-16 02:55:49,690 - texts_annotation - INFO - text_repo.py:68 - Created text#3 with 0 candidates
2026-02-16 02:55:49,691 - texts_annotation - INFO - database.py:133 - Initializing database: /var/folders/8q/t1qfs5kn6vzf8hxfd_pp7yv80000gn/T/tmp74ibon_i.db
2026-02-16 02:55:49,694 - texts_annotation - INFO - database.py:238 - Creating performance indexes
2026-02-16 02:55:49,696 - texts_annotation - INFO - database.py:250 - Initializing default model version
2026-02-16 02:55:49,697 - texts_annotation - INFO - database.py:266 - Database initialized successfully
2026-02-16 02:55:49,697 - texts_annotation - INFO - text_repo.py:68 - Created text#1 with 0 candidates
2026-02-16 02:55:49,698 - texts_annotation - INFO - annotation_repo.py:78 - Saved 3 annotations for text#1 by test_user
2026-02-16 02:55:49,699 - texts_annotation - INFO - database.py:133 - Initializing database: /var/folders/8q/t1qfs5kn6vzf8hxfd_pp7yv80000gn/T/tmpzfynbpeq.db
2026-02-16 02:55:49,702 - texts_annotation - INFO - database.py:238 - Creating performance indexes
2026-02-16 02:55:49,704 - texts_annotation - INFO - database.py:250 - Initializing default model version
2026-02-16 02:55:49,704 - texts_annotation - INFO - database.py:266 - Database initialized successfully
2026-02-16 02:55:49,705 - texts_annotation - INFO - text_repo.py:68 - Created text#1 with 0 candidates
2026-02-16 02:55:49,707 - texts_annotation - INFO - annotation_repo.py:96 - Text#1 skipped by test_user
2026-02-16 02:55:49,707 - texts_annotation - INFO - annotation_repo.py:96 - Text#1 skipped by test_user
2026-02-16 02:55:49,708 - texts_annotation - INFO - database.py:133 - Initializing database: /var/folders/8q/t1qfs5kn6vzf8hxfd_pp7yv80000gn/T/tmpt22uxlrr.db
2026-02-16 02:55:49,711 - texts_annotation - INFO - database.py:238 - Creating performance indexes
2026-02-16 02:55:49,713 - texts_annotation - INFO - database.py:250 - Initializing default model version
2026-02-16 02:55:49,714 - texts_annotation - INFO - database.py:266 - Database initialized successfully
2026-02-16 02:55:49,715 - texts_annotation - INFO - text_repo.py:68 - Created text#1 with 0 candidates
2026-02-16 02:55:49,715 - texts_annotation - INFO - annotation_repo.py:96 - Text#1 skipped by test_user
2026-02-16 02:55:49,716 - texts_annotation - INFO - annotation_repo.py:111 - Text#1 unskipped by test_user
2026-02-16 02:55:49,716 - texts_annotation - INFO - annotation_repo.py:111 - Text#1 unskipped by test_user
2026-02-16 02:55:49,717 - texts_annotation - INFO - database.py:133 - Initializing database: /var/folders/8q/t1qfs5kn6vzf8hxfd_pp7yv80000gn/T/tmpy60wymw4.db
2026-02-16 02:55:49,720 - texts_annotation - INFO - database.py:238 - Creating performance indexes
2026-02-16 02:55:49,722 - texts_annotation - INFO - database.py:250 - Initializing default model version
2026-02-16 02:55:49,722 - texts_annotation - INFO - database.py:266 - Database initialized successfully
2026-02-16 02:55:49,723 - texts_annotation - INFO - text_repo.py:68 - Created text#1 with 0 candidates
2026-02-16 02:55:49,724 - texts_annotation - INFO - annotation_repo.py:78 - Saved 1 annotations for text#1 by test_user
2026-02-16 02:55:49,724 - texts_annotation - INFO - text_repo.py:68 - Created text#2 with 0 candidates
2026-02-16 02:55:49,725 - texts_annotation - INFO - annotation_repo.py:78 - Saved 1 annotations for text#2 by test_user
2026-02-16 02:55:49,725 - texts_annotation - INFO - text_repo.py:68 - Created text#3 with 0 candidates
2026-02-16 02:55:49,726 - texts_annotation - INFO - annotation_repo.py:78 - Saved 1 annotations for text#3 by test_user
2026-02-16 02:55:49,726 - texts_annotation - INFO - text_repo.py:68 - Created text#4 with 0 candidates
2026-02-16 02:55:49,727 - texts_annotation - INFO - text_repo.py:68 - Created text#5 with 0 candidates
2026-02-16 02:55:49,728 - texts_annotation - INFO - database.py:133 - Initializing database: /var/folders/8q/t1qfs5kn6vzf8hxfd_pp7yv80000gn/T/tmp9ewuq6on.db
2026-02-16 02:55:49,731 - texts_annotation - INFO - database.py:238 - Creating performance indexes
2026-02-16 02:55:49,733 - texts_annotation - INFO - database.py:250 - Initializing default model version
2026-02-16 02:55:49,733 - texts_annotation - INFO - database.py:266 - Database initialized successfully
2026-02-16 02:55:49,736 - texts_annotation - INFO - database.py:133 - Initializing database: /var/folders/8q/t1qfs5kn6vzf8hxfd_pp7yv80000gn/T/tmpvabu2qzg.db
2026-02-16 02:55:49,738 - texts_annotation - INFO - database.py:238 - Creating performance indexes
2026-02-16 02:55:49,740 - texts_annotation - INFO - database.py:250 - Initializing default model version
2026-02-16 02:55:49,741 - texts_annotation - INFO - database.py:266 - Database initialized successfully
2026-02-16 02:55:49,744 - texts_annotation - INFO - database.py:133 - Initializing database: /var/folders/8q/t1qfs5kn6vzf8hxfd_pp7yv80000gn/T/tmpm7f9i6eh.db
2026-02-16 02:55:49,747 - texts_annotation - INFO - database.py:238 - Creating performance indexes
2026-02-16 02:55:49,749 - texts_annotation - INFO - database.py:250 - Initializing default model version
2026-02-16 02:55:49,749 - texts_annotation - INFO - database.py:266 - Database initialized successfully
2026-02-16 02:55:49,752 - texts_annotation - INFO - database.py:133 - Initializing database: /var/folders/8q/t1qfs5kn6vzf8hxfd_pp7yv80000gn/T/tmp92uft5vd.db
2026-02-16 02:55:49,755 - texts_annotation - INFO - database.py:238 - Creating performance indexes
2026-02-16 02:55:49,757 - texts_annotation - INFO - database.py:250 - Initializing default model version
2026-02-16 02:55:49,758 - texts_annotation - INFO - database.py:266 - Database initialized successfully
2026-02-16 02:55:49,758 - texts_annotation - INFO - intent_repo.py:52 - Loading intents from file: /var/folders/8q/t1qfs5kn6vzf8hxfd_pp7yv80000gn/T/tmpq2bn7a59.yaml
2026-02-16 02:55:49,759 - texts_annotation - INFO - yaml_loader.py:23 - Loaded YAML file: /var/folders/8q/t1qfs5kn6vzf8hxfd_pp7yv80000gn/T/tmpq2bn7a59.yaml
2026-02-16 02:55:49,759 - texts_annotation - INFO - intent_repo.py:68 - Loaded 2 intents
2026-02-16 02:55:49,761 - texts_annotation - INFO - yaml_loader.py:23 - Loaded YAML file: /var/folders/8q/t1qfs5kn6vzf8hxfd_pp7yv80000gn/T/tmphknw9uk8.yaml
2026-02-16 02:55:49,761 - texts_annotation - INFO - auth_service.py:42 - Loaded 2 annotators
2026-02-16 02:55:49,763 - texts_annotation - INFO - yaml_loader.py:23 - Loaded YAML file: /var/folders/8q/t1qfs5kn6vzf8hxfd_pp7yv80000gn/T/tmpdwi_1suc.yaml
2026-02-16 02:55:49,763 - texts_annotation - WARNING - auth_service.py:35 - Converted legacy 'languge' to 'language' for user1
2026-02-16 02:55:49,763 - texts_annotation - INFO - auth_service.py:42 - Loaded 1 annotators
2026-02-16 02:55:49,764 - texts_annotation - INFO - yaml_loader.py:23 - Loaded YAML file: /var/folders/8q/t1qfs5kn6vzf8hxfd_pp7yv80000gn/T/tmpfzrkxm57.yaml
2026-02-16 02:55:49,764 - texts_annotation - INFO - auth_service.py:42 - Loaded 1 annotators
2026-02-16 02:55:49,764 - texts_annotation - INFO - auth_service.py:60 - Annotator authenticated: test_user
2026-02-16 02:55:49,765 - texts_annotation - INFO - yaml_loader.py:23 - Loaded YAML file: /var/folders/8q/t1qfs5kn6vzf8hxfd_pp7yv80000gn/T/tmpmgyt7vs4.yaml
2026-02-16 02:55:49,766 - texts_annotation - INFO - auth_service.py:42 - Loaded 1 annotators
2026-02-16 02:55:49,766 - texts_annotation - WARNING - auth_service.py:63 - Authentication failed for: test_user
2026-02-16 02:55:49,766 - texts_annotation - INFO - yaml_loader.py:23 - Loaded YAML file: /var/folders/8q/t1qfs5kn6vzf8hxfd_pp7yv80000gn/T/tmp70ko746l.yaml
2026-02-16 02:55:49,767 - texts_annotation - INFO - auth_service.py:42 - Loaded 0 annotators
2026-02-16 02:55:49,767 - texts_annotation - WARNING - auth_service.py:63 - Authentication failed for: nonexistent
2026-02-16 02:55:49,768 - texts_annotation - INFO - yaml_loader.py:23 - Loaded YAML file: /var/folders/8q/t1qfs5kn6vzf8hxfd_pp7yv80000gn/T/tmpjd7671h_.yaml
2026-02-16 02:55:49,768 - texts_annotation - INFO - auth_service.py:42 - Loaded 1 annotators
2026-02-16 02:59:03,930 - texts_annotation - INFO - database.py:133 - Initializing database: /var/folders/8q/t1qfs5kn6vzf8hxfd_pp7yv80000gn/T/tmp9ur8598x.db
2026-02-16 02:59:03,934 - texts_annotation - INFO - database.py:238 - Creating performance indexes
2026-02-16 02:59:03,936 - texts_annotation - INFO - database.py:250 - Initializing default model version
2026-02-16 02:59:03,937 - texts_annotation - INFO - database.py:266 - Database initialized successfully
2026-02-16 02:59:03,937 - texts_annotation - INFO - text_repo.py:68 - Created text#1 with 0 candidates
2026-02-16 02:59:03,939 - texts_annotation - INFO - database.py:133 - Initializing database: /var/folders/8q/t1qfs5kn6vzf8hxfd_pp7yv80000gn/T/tmp4b_8hh_3.db
2026-02-16 02:59:03,942 - texts_annotation - INFO - database.py:238 - Creating performance indexes
2026-02-16 02:59:03,944 - texts_annotation - INFO - database.py:250 - Initializing default model version
2026-02-16 02:59:03,944 - texts_annotation - INFO - database.py:266 - Database initialized successfully
2026-02-16 02:59:03,945 - texts_annotation - INFO - text_repo.py:68 - Created text#1 with 0 candidates
2026-02-16 02:59:03,945 - texts_annotation - INFO - text_repo.py:68 - Created text#2 with 0 candidates
2026-02-16 02:59:03,946 - texts_annotation - INFO - database.py:133 - Initializing database: /var/folders/8q/t1qfs5kn6vzf8hxfd_pp7yv80000gn/T/tmpi9p_47b3.db
2026-02-16 02:59:03,949 - texts_annotation - INFO - database.py:238 - Creating performance indexes
2026-02-16 02:59:03,951 - texts_annotation - INFO - database.py:250 - Initializing default model version
2026-02-16 02:59:03,951 - texts_annotation - INFO - database.py:266 - Database initialized successfully
2026-02-16 02:59:03,953 - texts_annotation - INFO - text_repo.py:68 - Created text#1 with 0 candidates
2026-02-16 02:59:03,954 - texts_annotation - INFO - text_repo.py:68 - Created text#2 with 0 candidates
2026-02-16 02:59:03,955 - texts_annotation - INFO - database.py:133 - Initializing database: /var/folders/8q/t1qfs5kn6vzf8hxfd_pp7yv80000gn/T/tmpbuk8q23u.db
2026-02-16 02:59:03,958 - texts_annotation - INFO - database.py:238 - Creating performance indexes
2026-02-16 02:59:03,960 - texts_annotation - INFO - database.py:250 - Initializing default model version
2026-02-16 02:59:03,960 - texts_annotation - INFO - database.py:266 - Database initialized successfully
2026-02-16 02:59:03,961 - texts_annotation - INFO - database.py:133 - Initializing database: /var/folders/8q/t1qfs5kn6vzf8hxfd_pp7yv80000gn/T/tmpoo90facu.db
2026-02-16 02:59:03,963 - texts_annotation - INFO - database.py:238 - Creating performance indexes
2026-02-16 02:59:03,965 - texts_annotation - INFO - database.py:250 - Initializing default model version
2026-02-16 02:59:03,966 - texts_annotation - INFO - database.py:266 - Database initialized successfully
2026-02-16 02:59:03,966 - texts_annotation - INFO - text_repo.py:68 - Created text#1 with 0 candidates
2026-02-16 02:59:03,967 - texts_annotation - INFO - annotation_repo.py:78 - Saved 1 annotations for text#1 by user1
2026-02-16 02:59:03,968 - texts_annotation - INFO - database.py:133 - Initializing database: /var/folders/8q/t1qfs5kn6vzf8hxfd_pp7yv80000gn/T/tmpz6tof2w3.db
2026-02-16 02:59:03,970 - texts_annotation - INFO - database.py:238 - Creating performance indexes
2026-02-16 02:59:03,972 - texts_annotation - INFO - database.py:250 - Initializing default model version
2026-02-16 02:59:03,973 - texts_annotation - INFO - database.py:266 - Database initialized successfully
2026-02-16 02:59:03,973 - texts_annotation - INFO - text_repo.py:68 - Created text#1 with 2 candidates
2026-02-16 02:59:03,975 - texts_annotation - INFO - database.py:133 - Initializing database: /var/folders/8q/t1qfs5kn6vzf8hxfd_pp7yv80000gn/T/tmpwg4tfa8l.db
2026-02-16 02:59:03,977 - texts_annotation - INFO - database.py:238 - Creating performance indexes
2026-02-16 02:59:03,979 - texts_annotation - INFO - database.py:250 - Initializing default model version
2026-02-16 02:59:03,979 - texts_annotation - INFO - database.py:266 - Database initialized successfully
2026-02-16 02:59:03,980 - texts_annotation - INFO - database.py:133 - Initializing database: /var/folders/8q/t1qfs5kn6vzf8hxfd_pp7yv80000gn/T/tmpm7xdnu17.db
2026-02-16 02:59:03,986 - texts_annotation - INFO - database.py:238 - Creating performance indexes
2026-02-16 02:59:03,988 - texts_annotation - INFO - database.py:250 - Initializing default model version
2026-02-16 02:59:03,988 - texts_annotation - INFO - database.py:266 - Database initialized successfully
2026-02-16 02:59:03,989 - texts_annotation - INFO - text_repo.py:68 - Created text#1 with 0 candidates
2026-02-16 02:59:03,989 - texts_annotation - INFO - annotation_repo.py:78 - Saved 2 annotations for text#1 by user1
2026-02-16 02:59:03,990 - texts_annotation - INFO - annotation_service.py:100 - Saved 2 annotations for text#1
2026-02-16 02:59:03,991 - texts_annotation - INFO - database.py:133 - Initializing database: /var/folders/8q/t1qfs5kn6vzf8hxfd_pp7yv80000gn/T/tmpbuc4pntt.db
2026-02-16 02:59:03,994 - texts_annotation - INFO - database.py:238 - Creating performance indexes
2026-02-16 02:59:03,996 - texts_annotation - INFO - database.py:250 - Initializing default model version
2026-02-16 02:59:03,996 - texts_annotation - INFO - database.py:266 - Database initialized successfully
2026-02-16 02:59:03,997 - texts_annotation - INFO - text_repo.py:68 - Created text#1 with 0 candidates
2026-02-16 02:59:03,998 - texts_annotation - INFO - annotation_repo.py:78 - Saved 2 annotations for text#1 by user1
2026-02-16 02:59:03,998 - texts_annotation - INFO - annotation_service.py:100 - Saved 2 annotations for text#1
2026-02-16 02:59:03,999 - texts_annotation - INFO - database.py:133 - Initializing database: /var/folders/8q/t1qfs5kn6vzf8hxfd_pp7yv80000gn/T/tmp9sxznqwg.db
2026-02-16 02:59:04,001 - texts_annotation - INFO - database.py:238 - Creating performance indexes
2026-02-16 02:59:04,003 - texts_annotation - INFO - database.py:250 - Initializing default model version
2026-02-16 02:59:04,003 - texts_annotation - INFO - database.py:266 - Database initialized successfully
2026-02-16 02:59:04,004 - texts_annotation - INFO - text_repo.py:68 - Created text#1 with 0 candidates
2026-02-16 02:59:04,005 - texts_annotation - INFO - annotation_repo.py:96 - Text#1 skipped by user1
2026-02-16 02:59:04,006 - texts_annotation - INFO - database.py:133 - Initializing database: /var/folders/8q/t1qfs5kn6vzf8hxfd_pp7yv80000gn/T/tmpukgooyc1.db
2026-02-16 02:59:04,009 - texts_annotation - INFO - database.py:238 - Creating performance indexes
2026-02-16 02:59:04,011 - texts_annotation - INFO - database.py:250 - Initializing default model version
2026-02-16 02:59:04,011 - texts_annotation - INFO - database.py:266 - Database initialized successfully
2026-02-16 02:59:04,012 - texts_annotation - INFO - text_repo.py:68 - Created text#1 with 0 candidates
2026-02-16 02:59:04,012 - texts_annotation - INFO - annotation_repo.py:96 - Text#1 skipped by user1
2026-02-16 02:59:04,013 - texts_annotation - INFO - annotation_repo.py:111 - Text#1 unskipped by user1
2026-02-16 02:59:04,014 - texts_annotation - INFO - database.py:133 - Initializing database: /var/folders/8q/t1qfs5kn6vzf8hxfd_pp7yv80000gn/T/tmp_j_27i3j.db
2026-02-16 02:59:04,017 - texts_annotation - INFO - database.py:238 - Creating performance indexes
2026-02-16 02:59:04,018 - texts_annotation - INFO - database.py:250 - Initializing default model version
2026-02-16 02:59:04,019 - texts_annotation - INFO - database.py:266 - Database initialized successfully
2026-02-16 02:59:04,020 - texts_annotation - INFO - database.py:133 - Initializing database: /var/folders/8q/t1qfs5kn6vzf8hxfd_pp7yv80000gn/T/tmp_paosfm9.db
2026-02-16 02:59:04,022 - texts_annotation - INFO - database.py:238 - Creating performance indexes
2026-02-16 02:59:04,024 - texts_annotation - INFO - database.py:250 - Initializing default model version
2026-02-16 02:59:04,024 - texts_annotation - INFO - database.py:266 - Database initialized successfully
2026-02-16 02:59:04,025 - texts_annotation - INFO - text_repo.py:68 - Created text#1 with 0 candidates
2026-02-16 02:59:04,025 - texts_annotation - INFO - text_repo.py:68 - Created text#2 with 0 candidates
2026-02-16 02:59:04,026 - texts_annotation - INFO - text_repo.py:68 - Created text#3 with 0 candidates
2026-02-16 02:59:04,026 - texts_annotation - INFO - text_repo.py:68 - Created text#4 with 0 candidates
2026-02-16 02:59:04,027 - texts_annotation - INFO - text_repo.py:68 - Created text#5 with 0 candidates
2026-02-16 02:59:04,027 - texts_annotation - INFO - annotation_repo.py:78 - Saved 1 annotations for text#1 by user1
2026-02-16 02:59:04,028 - texts_annotation - INFO - annotation_repo.py:78 - Saved 1 annotations for text#2 by user1
2026-02-16 02:59:04,028 - texts_annotation - INFO - annotation_repo.py:78 - Saved 1 annotations for text#3 by user1
2026-02-16 02:59:16,868 - texts_annotation - INFO - database.py:133 - Initializing database: /var/folders/8q/t1qfs5kn6vzf8hxfd_pp7yv80000gn/T/tmpiupjg7c3.db
2026-02-16 02:59:16,872 - texts_annotation - INFO - database.py:238 - Creating performance indexes
2026-02-16 02:59:16,874 - texts_annotation - INFO - database.py:250 - Initializing default model version
2026-02-16 02:59:16,875 - texts_annotation - INFO - database.py:266 - Database initialized successfully
2026-02-16 02:59:16,876 - texts_annotation - INFO - text_repo.py:68 - Created text#1 with 2 candidates
2026-02-16 02:59:16,877 - texts_annotation - INFO - database.py:133 - Initializing database: /var/folders/8q/t1qfs5kn6vzf8hxfd_pp7yv80000gn/T/tmpymb3vhsk.db
2026-02-16 02:59:16,880 - texts_annotation - INFO - database.py:238 - Creating performance indexes
2026-02-16 02:59:16,882 - texts_annotation - INFO - database.py:250 - Initializing default model version
2026-02-16 02:59:16,882 - texts_annotation - INFO - database.py:266 - Database initialized successfully
2026-02-16 02:59:16,883 - texts_annotation - INFO - text_repo.py:68 - Created text#1 with 0 candidates
2026-02-16 02:59:16,884 - texts_annotation - INFO - database.py:133 - Initializing database: /var/folders/8q/t1qfs5kn6vzf8hxfd_pp7yv80000gn/T/tmpv6kstjqp.db
2026-02-16 02:59:16,887 - texts_annotation - INFO - database.py:238 - Creating performance indexes
2026-02-16 02:59:16,889 - texts_annotation - INFO - database.py:250 - Initializing default model version
2026-02-16 02:59:16,889 - texts_annotation - INFO - database.py:266 - Database initialized successfully
2026-02-16 02:59:16,890 - texts_annotation - INFO - text_repo.py:68 - Created text#1 with 0 candidates
2026-02-16 02:59:16,890 - texts_annotation - INFO - text_repo.py:68 - Created text#2 with 0 candidates
2026-02-16 02:59:16,891 - texts_annotation - INFO - text_repo.py:68 - Created text#3 with 0 candidates
2026-02-16 02:59:16,892 - texts_annotation - INFO - database.py:133 - Initializing database: /var/folders/8q/t1qfs5kn6vzf8hxfd_pp7yv80000gn/T/tmpn0w628pf.db
2026-02-16 02:59:16,895 - texts_annotation - INFO - database.py:238 - Creating performance indexes
2026-02-16 02:59:16,896 - texts_annotation - INFO - database.py:250 - Initializing default model version
2026-02-16 02:59:16,897 - texts_annotation - INFO - database.py:266 - Database initialized successfully
2026-02-16 02:59:16,897 - texts_annotation - INFO - text_repo.py:68 - Created text#1 with 0 candidates
2026-02-16 02:59:16,898 - texts_annotation - INFO - annotation_repo.py:78 - Saved 3 annotations for text#1 by test_user
2026-02-16 02:59:16,899 - texts_annotation - INFO - database.py:133 - Initializing database: /var/folders/8q/t1qfs5kn6vzf8hxfd_pp7yv80000gn/T/tmpq34l_cwt.db
2026-02-16 02:59:16,901 - texts_annotation - INFO - database.py:238 - Creating performance indexes
2026-02-16 02:59:16,903 - texts_annotation - INFO - database.py:250 - Initializing default model version
2026-02-16 02:59:16,904 - texts_annotation - INFO - database.py:266 - Database initialized successfully
2026-02-16 02:59:16,904 - texts_annotation - INFO - text_repo.py:68 - Created text#1 with 0 candidates
2026-02-16 02:59:16,906 - texts_annotation - INFO - annotation_repo.py:96 - Text#1 skipped by test_user
2026-02-16 02:59:16,906 - texts_annotation - INFO - annotation_repo.py:96 - Text#1 skipped by test_user
2026-02-16 02:59:16,907 - texts_annotation - INFO - database.py:133 - Initializing database: /var/folders/8q/t1qfs5kn6vzf8hxfd_pp7yv80000gn/T/tmpa6a8_9yi.db
2026-02-16 02:59:16,910 - texts_annotation - INFO - database.py:238 - Creating performance indexes
2026-02-16 02:59:16,911 - texts_annotation - INFO - database.py:250 - Initializing default model version
2026-02-16 02:59:16,912 - texts_annotation - INFO - database.py:266 - Database initialized successfully
2026-02-16 02:59:16,912 - texts_annotation - INFO - text_repo.py:68 - Created text#1 with 0 candidates
2026-02-16 02:59:16,913 - texts_annotation - INFO - annotation_repo.py:96 - Text#1 skipped by test_user
2026-02-16 02:59:16,913 - texts_annotation - INFO - annotation_repo.py:111 - Text#1 unskipped by test_user
2026-02-16 02:59:16,914 - texts_annotation - INFO - annotation_repo.py:111 - Text#1 unskipped by test_user
2026-02-16 02:59:16,914 - texts_annotation - INFO - database.py:133 - Initializing database: /var/folders/8q/t1qfs5kn6vzf8hxfd_pp7yv80000gn/T/tmpr5mxkca1.db
2026-02-16 02:59:16,917 - texts_annotation - INFO - database.py:238 - Creating performance indexes
2026-02-16 02:59:16,919 - texts_annotation - INFO - database.py:250 - Initializing default model version
2026-02-16 02:59:16,919 - texts_annotation - INFO - database.py:266 - Database initialized successfully
2026-02-16 02:59:16,920 - texts_annotation - INFO - text_repo.py:68 - Created text#1 with 0 candidates
2026-02-16 02:59:16,920 - texts_annotation - INFO - annotation_repo.py:78 - Saved 1 annotations for text#1 by test_user
2026-02-16 02:59:16,921 - texts_annotation - INFO - text_repo.py:68 - Created text#2 with 0 candidates
2026-02-16 02:59:16,921 - texts_annotation - INFO - annotation_repo.py:78 - Saved 1 annotations for text#2 by test_user
2026-02-16 02:59:16,922 - texts_annotation - INFO - text_repo.py:68 - Created text#3 with 0 candidates
2026-02-16 02:59:16,922 - texts_annotation - INFO - annotation_repo.py:78 - Saved 1 annotations for text#3 by test_user
2026-02-16 02:59:16,923 - texts_annotation - INFO - text_repo.py:68 - Created text#4 with 0 candidates
2026-02-16 02:59:16,923 - texts_annotation - INFO - text_repo.py:68 - Created text#5 with 0 candidates
2026-02-16 02:59:16,924 - texts_annotation - INFO - database.py:133 - Initializing database: /var/folders/8q/t1qfs5kn6vzf8hxfd_pp7yv80000gn/T/tmpwe3fznwb.db
2026-02-16 02:59:16,927 - texts_annotation - INFO - database.py:238 - Creating performance indexes
2026-02-16 02:59:16,929 - texts_annotation - INFO - database.py:250 - Initializing default model version
2026-02-16 02:59:16,929 - texts_annotation - INFO - database.py:266 - Database initialized successfully
2026-02-16 02:59:16,931 - texts_annotation - INFO - database.py:133 - Initializing database: /var/folders/8q/t1qfs5kn6vzf8hxfd_pp7yv80000gn/T/tmpj_2injpt.db
2026-02-16 02:59:16,934 - texts_annotation - INFO - database.py:238 - Creating performance indexes
2026-02-16 02:59:16,936 - texts_annotation - INFO - database.py:250 - Initializing default model version
2026-02-16 02:59:16,936 - texts_annotation - INFO - database.py:266 - Database initialized successfully
2026-02-16 02:59:16,939 - texts_annotation - INFO - database.py:133 - Initializing database: /var/folders/8q/t1qfs5kn6vzf8hxfd_pp7yv80000gn/T/tmpxinutxai.db
2026-02-16 02:59:16,941 - texts_annotation - INFO - database.py:238 - Creating performance indexes
2026-02-16 02:59:16,943 - texts_annotation - INFO - database.py:250 - Initializing default model version
2026-02-16 02:59:16,943 - texts_annotation - INFO - database.py:266 - Database initialized successfully
2026-02-16 02:59:16,946 - texts_annotation - INFO - database.py:133 - Initializing database: /var/folders/8q/t1qfs5kn6vzf8hxfd_pp7yv80000gn/T/tmp0jhr7bl8.db
2026-02-16 02:59:16,949 - texts_annotation - INFO - database.py:238 - Creating performance indexes
2026-02-16 02:59:16,950 - texts_annotation - INFO - database.py:250 - Initializing default model version
2026-02-16 02:59:16,951 - texts_annotation - INFO - database.py:266 - Database initialized successfully
2026-02-16 02:59:16,952 - texts_annotation - INFO - intent_repo.py:52 - Loading intents from file: /var/folders/8q/t1qfs5kn6vzf8hxfd_pp7yv80000gn/T/tmpuneyyd4f.yaml
2026-02-16 02:59:16,952 - texts_annotation - INFO - yaml_loader.py:23 - Loaded YAML file: /var/folders/8q/t1qfs5kn6vzf8hxfd_pp7yv80000gn/T/tmpuneyyd4f.yaml
2026-02-16 02:59:16,952 - texts_annotation - INFO - intent_repo.py:68 - Loaded 2 intents
2026-02-16 02:59:16,953 - texts_annotation - INFO - database.py:133 - Initializing database: /var/folders/8q/t1qfs5kn6vzf8hxfd_pp7yv80000gn/T/tmpcnsc1b6o.db
2026-02-16 02:59:16,956 - texts_annotation - INFO - database.py:238 - Creating performance indexes
2026-02-16 02:59:16,957 - texts_annotation - INFO - database.py:250 - Initializing default model version
2026-02-16 02:59:16,958 - texts_annotation - INFO - database.py:266 - Database initialized successfully
2026-02-16 02:59:16,958 - texts_annotation - INFO - text_repo.py:68 - Created text#1 with 0 candidates
2026-02-16 02:59:16,959 - texts_annotation - INFO - database.py:133 - Initializing database: /var/folders/8q/t1qfs5kn6vzf8hxfd_pp7yv80000gn/T/tmp9trvkaqr.db
2026-02-16 02:59:16,962 - texts_annotation - INFO - database.py:238 - Creating performance indexes
2026-02-16 02:59:16,964 - texts_annotation - INFO - database.py:250 - Initializing default model version
2026-02-16 02:59:16,964 - texts_annotation - INFO - database.py:266 - Database initialized successfully
2026-02-16 02:59:16,965 - texts_annotation - INFO - text_repo.py:68 - Created text#1 with 0 candidates
2026-02-16 02:59:16,965 - texts_annotation - INFO - text_repo.py:68 - Created text#2 with 0 candidates
2026-02-16 02:59:16,966 - texts_annotation - INFO - database.py:133 - Initializing database: /var/folders/8q/t1qfs5kn6vzf8hxfd_pp7yv80000gn/T/tmp3h7h62mh.db
2026-02-16 02:59:16,969 - texts_annotation - INFO - database.py:238 - Creating performance indexes
2026-02-16 02:59:16,971 - texts_annotation - INFO - database.py:250 - Initializing default model version
2026-02-16 02:59:16,971 - texts_annotation - INFO - database.py:266 - Database initialized successfully
2026-02-16 02:59:16,972 - texts_annotation - INFO - text_repo.py:68 - Created text#1 with 0 candidates
2026-02-16 02:59:16,972 - texts_annotation - INFO - text_repo.py:68 - Created text#2 with 0 candidates
2026-02-16 02:59:16,973 - texts_annotation - INFO - database.py:133 - Initializing database: /var/folders/8q/t1qfs5kn6vzf8hxfd_pp7yv80000gn/T/tmpowfv4gd3.db
2026-02-16 02:59:16,975 - texts_annotation - INFO - database.py:238 - Creating performance indexes
2026-02-16 02:59:16,977 - texts_annotation - INFO - database.py:250 - Initializing default model version
2026-02-16 02:59:16,978 - texts_annotation - INFO - database.py:266 - Database initialized successfully
2026-02-16 02:59:16,979 - texts_annotation - INFO - database.py:133 - Initializing database: /var/folders/8q/t1qfs5kn6vzf8hxfd_pp7yv80000gn/T/tmpzsl3lxbk.db
2026-02-16 02:59:16,981 - texts_annotation - INFO - database.py:238 - Creating performance indexes
2026-02-16 02:59:16,983 - texts_annotation - INFO - database.py:250 - Initializing default model version
2026-02-16 02:59:16,983 - texts_annotation - INFO - database.py:266 - Database initialized successfully
2026-02-16 02:59:16,984 - texts_annotation - INFO - text_repo.py:68 - Created text#1 with 0 candidates
2026-02-16 02:59:16,984 - texts_annotation - INFO - annotation_repo.py:78 - Saved 1 annotations for text#1 by user1
2026-02-16 02:59:16,985 - texts_annotation - INFO - database.py:133 - Initializing database: /var/folders/8q/t1qfs5kn6vzf8hxfd_pp7yv80000gn/T/tmprl6vvg8q.db
2026-02-16 02:59:16,988 - texts_annotation - INFO - database.py:238 - Creating performance indexes
2026-02-16 02:59:16,989 - texts_annotation - INFO - database.py:250 - Initializing default model version
2026-02-16 02:59:16,990 - texts_annotation - INFO - database.py:266 - Database initialized successfully
2026-02-16 02:59:16,990 - texts_annotation - INFO - text_repo.py:68 - Created text#1 with 2 candidates
2026-02-16 02:59:16,991 - texts_annotation - INFO - database.py:133 - Initializing database: /var/folders/8q/t1qfs5kn6vzf8hxfd_pp7yv80000gn/T/tmp_al57l3u.db
2026-02-16 02:59:16,994 - texts_annotation - INFO - database.py:238 - Creating performance indexes
2026-02-16 02:59:16,996 - texts_annotation - INFO - database.py:250 - Initializing default model version
2026-02-16 02:59:16,996 - texts_annotation - INFO - database.py:266 - Database initialized successfully
2026-02-16 02:59:16,997 - texts_annotation - INFO - database.py:133 - Initializing database: /var/folders/8q/t1qfs5kn6vzf8hxfd_pp7yv80000gn/T/tmpcuxcuhvi.db
2026-02-16 02:59:17,001 - texts_annotation - INFO - database.py:238 - Creating performance indexes
2026-02-16 02:59:17,003 - texts_annotation - INFO - database.py:250 - Initializing default model version
2026-02-16 02:59:17,003 - texts_annotation - INFO - database.py:266 - Database initialized successfully
2026-02-16 02:59:17,004 - texts_annotation - INFO - text_repo.py:68 - Created text#1 with 0 candidates
2026-02-16 02:59:17,005 - texts_annotation - INFO - annotation_repo.py:78 - Saved 2 annotations for text#1 by user1
2026-02-16 02:59:17,005 - texts_annotation - INFO - annotation_service.py:100 - Saved 2 annotations for text#1
2026-02-16 02:59:17,006 - texts_annotation - INFO - database.py:133 - Initializing database: /var/folders/8q/t1qfs5kn6vzf8hxfd_pp7yv80000gn/T/tmphiif7evz.db
2026-02-16 02:59:17,008 - texts_annotation - INFO - database.py:238 - Creating performance indexes
2026-02-16 02:59:17,010 - texts_annotation - INFO - database.py:250 - Initializing default model version
2026-02-16 02:59:17,010 - texts_annotation - INFO - database.py:266 - Database initialized successfully
2026-02-16 02:59:17,011 - texts_annotation - INFO - text_repo.py:68 - Created text#1 with 0 candidates
2026-02-16 02:59:17,012 - texts_annotation - INFO - annotation_repo.py:78 - Saved 2 annotations for text#1 by user1
2026-02-16 02:59:17,012 - texts_annotation - INFO - annotation_service.py:100 - Saved 2 annotations for text#1
2026-02-16 02:59:17,013 - texts_annotation - INFO - database.py:133 - Initializing database: /var/folders/8q/t1qfs5kn6vzf8hxfd_pp7yv80000gn/T/tmp968prjzo.db
2026-02-16 02:59:17,019 - texts_annotation - INFO - database.py:238 - Creating performance indexes
2026-02-16 02:59:17,021 - texts_annotation - INFO - database.py:250 - Initializing default model version
2026-02-16 02:59:17,021 - texts_annotation - INFO - database.py:266 - Database initialized successfully
2026-02-16 02:59:17,022 - texts_annotation - INFO - text_repo.py:68 - Created text#1 with 0 candidates
2026-02-16 02:59:17,023 - texts_annotation - INFO - annotation_repo.py:96 - Text#1 skipped by user1
2026-02-16 02:59:17,023 - texts_annotation - INFO - database.py:133 - Initializing database: /var/folders/8q/t1qfs5kn6vzf8hxfd_pp7yv80000gn/T/tmpkvqieozv.db
2026-02-16 02:59:17,026 - texts_annotation - INFO - database.py:238 - Creating performance indexes
2026-02-16 02:59:17,028 - texts_annotation - INFO - database.py:250 - Initializing default model version
2026-02-16 02:59:17,028 - texts_annotation - INFO - database.py:266 - Database initialized successfully
2026-02-16 02:59:17,029 - texts_annotation - INFO - text_repo.py:68 - Created text#1 with 0 candidates
2026-02-16 02:59:17,029 - texts_annotation - INFO - annotation_repo.py:96 - Text#1 skipped by user1
2026-02-16 02:59:17,030 - texts_annotation - INFO - annotation_repo.py:111 - Text#1 unskipped by user1
2026-02-16 02:59:17,031 - texts_annotation - INFO - database.py:133 - Initializing database: /var/folders/8q/t1qfs5kn6vzf8hxfd_pp7yv80000gn/T/tmp0nea8yhx.db
2026-02-16 02:59:17,034 - texts_annotation - INFO - database.py:238 - Creating performance indexes
2026-02-16 02:59:17,036 - texts_annotation - INFO - database.py:250 - Initializing default model version
2026-02-16 02:59:17,036 - texts_annotation - INFO - database.py:266 - Database initialized successfully
2026-02-16 02:59:17,037 - texts_annotation - INFO - database.py:133 - Initializing database: /var/folders/8q/t1qfs5kn6vzf8hxfd_pp7yv80000gn/T/tmpi7b2e0d1.db
2026-02-16 02:59:17,039 - texts_annotation - INFO - database.py:238 - Creating performance indexes
2026-02-16 02:59:17,041 - texts_annotation - INFO - database.py:250 - Initializing default model version
2026-02-16 02:59:17,042 - texts_annotation - INFO - database.py:266 - Database initialized successfully
2026-02-16 02:59:17,042 - texts_annotation - INFO - text_repo.py:68 - Created text#1 with 0 candidates
2026-02-16 02:59:17,043 - texts_annotation - INFO - text_repo.py:68 - Created text#2 with 0 candidates
2026-02-16 02:59:17,043 - texts_annotation - INFO - text_repo.py:68 - Created text#3 with 0 candidates
2026-02-16 02:59:17,044 - texts_annotation - INFO - text_repo.py:68 - Created text#4 with 0 candidates
2026-02-16 02:59:17,044 - texts_annotation - INFO - text_repo.py:68 - Created text#5 with 0 candidates
2026-02-16 02:59:17,045 - texts_annotation - INFO - annotation_repo.py:78 - Saved 1 annotations for text#1 by user1
2026-02-16 02:59:17,045 - texts_annotation - INFO - annotation_repo.py:78 - Saved 1 annotations for text#2 by user1
2026-02-16 02:59:17,046 - texts_annotation - INFO - annotation_repo.py:78 - Saved 1 annotations for text#3 by user1
2026-02-16 02:59:17,048 - texts_annotation - INFO - yaml_loader.py:23 - Loaded YAML file: /var/folders/8q/t1qfs5kn6vzf8hxfd_pp7yv80000gn/T/tmp0uw29v7h.yaml
2026-02-16 02:59:17,048 - texts_annotation - INFO - auth_service.py:42 - Loaded 2 annotators
2026-02-16 02:59:17,049 - texts_annotation - INFO - yaml_loader.py:23 - Loaded YAML file: /var/folders/8q/t1qfs5kn6vzf8hxfd_pp7yv80000gn/T/tmpemz4gukp.yaml
2026-02-16 02:59:17,049 - texts_annotation - WARNING - auth_service.py:35 - Converted legacy 'languge' to 'language' for user1
2026-02-16 02:59:17,049 - texts_annotation - INFO - auth_service.py:42 - Loaded 1 annotators
2026-02-16 02:59:17,050 - texts_annotation - INFO - yaml_loader.py:23 - Loaded YAML file: /var/folders/8q/t1qfs5kn6vzf8hxfd_pp7yv80000gn/T/tmpxqewl1_e.yaml
2026-02-16 02:59:17,051 - texts_annotation - INFO - auth_service.py:42 - Loaded 1 annotators
2026-02-16 02:59:17,051 - texts_annotation - INFO - auth_service.py:60 - Annotator authenticated: test_user
2026-02-16 02:59:17,052 - texts_annotation - INFO - yaml_loader.py:23 - Loaded YAML file: /var/folders/8q/t1qfs5kn6vzf8hxfd_pp7yv80000gn/T/tmpv3ukeo1t.yaml
2026-02-16 02:59:17,052 - texts_annotation - INFO - auth_service.py:42 - Loaded 1 annotators
2026-02-16 02:59:17,052 - texts_annotation - WARNING - auth_service.py:63 - Authentication failed for: test_user
2026-02-16 02:59:17,053 - texts_annotation - INFO - yaml_loader.py:23 - Loaded YAML file: /var/folders/8q/t1qfs5kn6vzf8hxfd_pp7yv80000gn/T/tmpuuf_erjm.yaml
2026-02-16 02:59:17,053 - texts_annotation - INFO - auth_service.py:42 - Loaded 0 annotators
2026-02-16 02:59:17,053 - texts_annotation - WARNING - auth_service.py:63 - Authentication failed for: nonexistent
2026-02-16 02:59:17,054 - texts_annotation - INFO - yaml_loader.py:23 - Loaded YAML file: /var/folders/8q/t1qfs5kn6vzf8hxfd_pp7yv80000gn/T/tmpuc801_q5.yaml
2026-02-16 02:59:17,054 - texts_annotation - INFO - auth_service.py:42 - Loaded 1 annotators
2026-02-16 03:02:00,963 - texts_annotation - INFO - database.py:57 - Database already exists: data/db/app.db
2026-02-16 03:02:00,963 - texts_annotation - INFO - database.py:133 - Initializing database: data/db/app.db
2026-02-16 03:02:00,964 - texts_annotation - INFO - database.py:238 - Creating performance indexes
2026-02-16 03:02:00,969 - texts_annotation - INFO - database.py:266 - Database initialized successfully
2026-02-16 03:02:00,969 - texts_annotation - INFO - database.py:112 - Auto-dump started (interval: 60s)
2026-02-16 03:02:00,969 - texts_annotation - INFO - database.py:118 - Auto-dump thread started
2026-02-16 03:02:00,969 - texts_annotation - INFO - intent_repo.py:29 - Loading intents from directory: data/intents
2026-02-16 03:02:01,025 - texts_annotation - INFO - yaml_loader.py:23 - Loaded YAML file: data/intents/card_products_rus.yaml
2026-02-16 03:02:01,115 - texts_annotation - INFO - yaml_loader.py:23 - Loaded YAML file: data/intents/credits_rus.yaml
2026-02-16 03:02:01,190 - texts_annotation - INFO - yaml_loader.py:23 - Loaded YAML file: data/intents/general_rus.yaml
2026-02-16 03:02:01,213 - texts_annotation - INFO - yaml_loader.py:23 - Loaded YAML file: data/intents/mobile_app_support_rus.yaml
2026-02-16 03:02:01,235 - texts_annotation - INFO - yaml_loader.py:23 - Loaded YAML file: data/intents/money_transfers_rus.yaml
2026-02-16 03:02:01,285 - texts_annotation - INFO - yaml_loader.py:23 - Loaded YAML file: data/intents/restrictions_rus.yaml
2026-02-16 03:02:01,310 - texts_annotation - INFO - yaml_loader.py:23 - Loaded YAML file: data/intents/social_rus.yaml
2026-02-16 03:02:01,311 - texts_annotation - INFO - intent_repo.py:68 - Loaded 120 intents
2026-02-16 03:02:01,370 - texts_annotation - INFO - app.py:54 - Application initialized with 120 intents
2026-02-16 03:03:17,393 - texts_annotation - INFO - yaml_loader.py:23 - Loaded YAML file: data/annotators.yaml
2026-02-16 03:03:17,393 - texts_annotation - WARNING - auth_service.py:35 - Converted legacy 'languge' to 'language' for adina
2026-02-16 03:03:17,394 - texts_annotation - WARNING - auth_service.py:35 - Converted legacy 'languge' to 'language' for madina
2026-02-16 03:03:17,394 - texts_annotation - WARNING - auth_service.py:35 - Converted legacy 'languge' to 'language' for roma
2026-02-16 03:03:17,394 - texts_annotation - WARNING - auth_service.py:35 - Converted legacy 'languge' to 'language' for iskander
2026-02-16 03:03:17,394 - texts_annotation - INFO - auth_service.py:42 - Loaded 4 annotators
2026-02-16 03:03:17,394 - texts_annotation - INFO - auth_service.py:60 - Annotator authenticated: adina
2026-02-16 03:04:30,354 - texts_annotation - INFO - stats_service.py:178 - Exported 0 annotations to exports/annotations_20260216_030430.csv
2026-02-16 03:07:19,910 - texts_annotation - INFO - database.py:57 - Database already exists: data/db/app.db
2026-02-16 03:07:19,911 - texts_annotation - INFO - database.py:133 - Initializing database: data/db/app.db
2026-02-16 03:07:19,954 - texts_annotation - INFO - database.py:238 - Creating performance indexes
2026-02-16 03:07:19,956 - texts_annotation - INFO - database.py:266 - Database initialized successfully
2026-02-16 03:07:19,957 - texts_annotation - INFO - database.py:112 - Auto-dump started (interval: 60s)
2026-02-16 03:07:19,957 - texts_annotation - INFO - database.py:118 - Auto-dump thread started
2026-02-16 03:07:19,957 - texts_annotation - INFO - intent_repo.py:29 - Loading intents from directory: data/intents
2026-02-16 03:07:20,013 - texts_annotation - INFO - yaml_loader.py:23 - Loaded YAML file: data/intents/card_products_rus.yaml
2026-02-16 03:07:20,106 - texts_annotation - INFO - yaml_loader.py:23 - Loaded YAML file: data/intents/credits_rus.yaml
2026-02-16 03:07:20,162 - texts_annotation - INFO - yaml_loader.py:23 - Loaded YAML file: data/intents/general_rus.yaml
2026-02-16 03:07:20,186 - texts_annotation - INFO - yaml_loader.py:23 - Loaded YAML file: data/intents/mobile_app_support_rus.yaml
2026-02-16 03:07:20,209 - texts_annotation - INFO - yaml_loader.py:23 - Loaded YAML file: data/intents/money_transfers_rus.yaml
2026-02-16 03:07:20,258 - texts_annotation - INFO - yaml_loader.py:23 - Loaded YAML file: data/intents/restrictions_rus.yaml
2026-02-16 03:07:20,284 - texts_annotation - INFO - yaml_loader.py:23 - Loaded YAML file: data/intents/social_rus.yaml
2026-02-16 03:07:20,284 - texts_annotation - INFO - intent_repo.py:68 - Loaded 120 intents
2026-02-16 03:07:20,353 - texts_annotation - INFO - app.py:54 - Application initialized with 120 intents
2026-02-16 03:07:20,357 - texts_annotation - INFO - yaml_loader.py:23 - Loaded YAML file: data/annotators.yaml
2026-02-16 03:07:20,357 - texts_annotation - WARNING - auth_service.py:35 - Converted legacy 'languge' to 'language' for adina
2026-02-16 03:07:20,357 - texts_annotation - WARNING - auth_service.py:35 - Converted legacy 'languge' to 'language' for madina
2026-02-16 03:07:20,357 - texts_annotation - WARNING - auth_service.py:35 - Converted legacy 'languge' to 'language' for roma
2026-02-16 03:07:20,357 - texts_annotation - WARNING - auth_service.py:35 - Converted legacy 'languge' to 'language' for iskander
2026-02-16 03:07:20,357 - texts_annotation - INFO - auth_service.py:42 - Loaded 4 annotators
2026-02-16 03:07:21,002 - texts_annotation - INFO - yaml_loader.py:23 - Loaded YAML file: data/annotators.yaml
2026-02-16 03:07:21,004 - texts_annotation - WARNING - auth_service.py:35 - Converted legacy 'languge' to 'language' for adina
2026-02-16 03:07:21,005 - texts_annotation - WARNING - auth_service.py:35 - Converted legacy 'languge' to 'language' for madina
2026-02-16 03:07:21,006 - texts_annotation - WARNING - auth_service.py:35 - Converted legacy 'languge' to 'language' for roma
2026-02-16 03:07:21,006 - texts_annotation - WARNING - auth_service.py:35 - Converted legacy 'languge' to 'language' for iskander
2026-02-16 03:07:21,006 - texts_annotation - INFO - auth_service.py:42 - Loaded 4 annotators
2026-02-16 03:07:21,143 - texts_annotation - INFO - yaml_loader.py:23 - Loaded YAML file: data/annotators.yaml
2026-02-16 03:07:21,143 - texts_annotation - WARNING - auth_service.py:35 - Converted legacy 'languge' to 'language' for adina
2026-02-16 03:07:21,143 - texts_annotation - WARNING - auth_service.py:35 - Converted legacy 'languge' to 'language' for madina
2026-02-16 03:07:21,143 - texts_annotation - WARNING - auth_service.py:35 - Converted legacy 'languge' to 'language' for roma
2026-02-16 03:07:21,143 - texts_annotation - WARNING - auth_service.py:35 - Converted legacy 'languge' to 'language' for iskander
2026-02-16 03:07:21,143 - texts_annotation - INFO - auth_service.py:42 - Loaded 4 annotators
2026-02-16 03:07:22,820 - texts_annotation - INFO - yaml_loader.py:23 - Loaded YAML file: data/annotators.yaml
2026-02-16 03:07:22,820 - texts_annotation - WARNING - auth_service.py:35 - Converted legacy 'languge' to 'language' for adina
2026-02-16 03:07:22,820 - texts_annotation - WARNING - auth_service.py:35 - Converted legacy 'languge' to 'language' for madina
2026-02-16 03:07:22,820 - texts_annotation - WARNING - auth_service.py:35 - Converted legacy 'languge' to 'language' for roma
2026-02-16 03:07:22,820 - texts_annotation - WARNING - auth_service.py:35 - Converted legacy 'languge' to 'language' for iskander
2026-02-16 03:07:22,821 - texts_annotation - INFO - auth_service.py:42 - Loaded 4 annotators
2026-02-16 03:07:32,592 - texts_annotation - INFO - yaml_loader.py:23 - Loaded YAML file: data/annotators.yaml
2026-02-16 03:07:32,593 - texts_annotation - WARNING - auth_service.py:35 - Converted legacy 'languge' to 'language' for adina
2026-02-16 03:07:32,593 - texts_annotation - WARNING - auth_service.py:35 - Converted legacy 'languge' to 'language' for madina
2026-02-16 03:07:32,593 - texts_annotation - WARNING - auth_service.py:35 - Converted legacy 'languge' to 'language' for roma
2026-02-16 03:07:32,593 - texts_annotation - WARNING - auth_service.py:35 - Converted legacy 'languge' to 'language' for iskander
2026-02-16 03:07:32,594 - texts_annotation - INFO - auth_service.py:42 - Loaded 4 annotators
2026-02-16 03:07:32,596 - texts_annotation - INFO - auth_service.py:60 - Annotator authenticated: adina
2026-02-16 03:14:36,259 - texts_annotation - INFO - yaml_loader.py:23 - Loaded YAML file: data/annotators.yaml
2026-02-16 03:14:36,261 - texts_annotation - WARNING - auth_service.py:35 - Converted legacy 'languge' to 'language' for adina
2026-02-16 03:14:36,261 - texts_annotation - WARNING - auth_service.py:35 - Converted legacy 'languge' to 'language' for madina
2026-02-16 03:14:36,265 - texts_annotation - INFO - yaml_loader.py:23 - Loaded YAML file: data/annotators.yaml
2026-02-16 03:14:36,265 - texts_annotation - WARNING - auth_service.py:35 - Converted legacy 'languge' to 'language' for roma
2026-02-16 03:14:36,267 - texts_annotation - WARNING - auth_service.py:35 - Converted legacy 'languge' to 'language' for adina
2026-02-16 03:14:36,267 - texts_annotation - WARNING - auth_service.py:35 - Converted legacy 'languge' to 'language' for iskander
2026-02-16 03:14:36,267 - texts_annotation - WARNING - auth_service.py:35 - Converted legacy 'languge' to 'language' for madina
2026-02-16 03:14:36,267 - texts_annotation - INFO - auth_service.py:42 - Loaded 4 annotators
2026-02-16 03:14:36,267 - texts_annotation - WARNING - auth_service.py:35 - Converted legacy 'languge' to 'language' for roma
2026-02-16 03:14:36,272 - texts_annotation - WARNING - auth_service.py:35 - Converted legacy 'languge' to 'language' for iskander
2026-02-16 03:14:36,304 - texts_annotation - INFO - auth_service.py:42 - Loaded 4 annotators
2026-02-16 03:14:45,436 - texts_annotation - INFO - yaml_loader.py:23 - Loaded YAML file: data/annotators.yaml
2026-02-16 03:14:45,437 - texts_annotation - WARNING - auth_service.py:35 - Converted legacy 'languge' to 'language' for adina
2026-02-16 03:14:45,437 - texts_annotation - WARNING - auth_service.py:35 - Converted legacy 'languge' to 'language' for madina
2026-02-16 03:14:45,437 - texts_annotation - WARNING - auth_service.py:35 - Converted legacy 'languge' to 'language' for roma
2026-02-16 03:14:45,437 - texts_annotation - WARNING - auth_service.py:35 - Converted legacy 'languge' to 'language' for iskander
2026-02-16 03:14:45,437 - texts_annotation - INFO - auth_service.py:42 - Loaded 4 annotators
2026-02-16 03:14:45,439 - texts_annotation - INFO - auth_service.py:60 - Annotator authenticated: adina
2026-02-16 03:18:46,522 - texts_annotation - ERROR - database.py:42 - Database error: no such table: data_versions
2026-02-16 03:18:50,538 - texts_annotation - ERROR - database.py:42 - Database error: no such table: data_versions
2026-02-16 03:18:52,699 - texts_annotation - INFO - stats_service.py:178 - Exported 0 annotations to exports/annotations_20260216_031852.csv
2026-02-16 03:18:54,128 - texts_annotation - ERROR - database.py:42 - Database error: NOT NULL constraint failed: model_versions.version
2026-02-16 03:19:33,036 - texts_annotation - ERROR - database.py:42 - Database error: no such table: data_versions
2026-02-16 03:19:48,794 - texts_annotation - ERROR - database.py:42 - Database error: no such table: data_versions
2026-02-16 03:29:19,407 - texts_annotation - ERROR - database.py:42 - Database error: Execution failed on sql '
            SELECT 
                COUNT(DISTINCT t.id) as total_texts,
                COUNT(DISTINCT a.annotator) as total_annotators,
                COUNT(DISTINCT a.id) as total_annotations,
                COUNT(DISTINCT CASE WHEN a.decision = 'yes' THEN a.id END) as positive_annotations
            FROM texts t
            LEFT JOIN annotations a ON t.id = a.text_id
        ': no such table: texts
2026-02-16 03:30:25,352 - texts_annotation - INFO - database.py:133 - Initializing database: data/db/app.db
2026-02-16 03:30:25,356 - texts_annotation - INFO - database.py:238 - Creating performance indexes
2026-02-16 03:30:25,358 - texts_annotation - INFO - database.py:250 - Initializing default model version
2026-02-16 03:30:25,359 - texts_annotation - INFO - database.py:262 - Database initialized successfully
2026-02-16 03:41:33,340 - texts_annotation - INFO - database.py:133 - Initializing database: /var/folders/8q/t1qfs5kn6vzf8hxfd_pp7yv80000gn/T/tmprwsuii48.db
2026-02-16 03:41:33,344 - texts_annotation - INFO - database.py:238 - Creating performance indexes
2026-02-16 03:41:33,348 - texts_annotation - INFO - database.py:250 - Initializing default model version
2026-02-16 03:41:33,349 - texts_annotation - INFO - database.py:262 - Database initialized successfully
2026-02-16 03:41:33,350 - texts_annotation - INFO - text_repo.py:68 - Created text#1 with 3 candidates
2026-02-16 03:41:33,351 - texts_annotation - INFO - text_repo.py:68 - Created text#2 with 3 candidates
2026-02-16 03:41:33,351 - texts_annotation - INFO - import_service.py:82 - Imported 2 texts from /var/folders/8q/t1qfs5kn6vzf8hxfd_pp7yv80000gn/T/tmpzcqn1_7w.csv
2026-02-16 03:41:33,352 - texts_annotation - INFO - database.py:133 - Initializing database: /var/folders/8q/t1qfs5kn6vzf8hxfd_pp7yv80000gn/T/tmpbmz4alqa.db
2026-02-16 03:41:33,355 - texts_annotation - INFO - database.py:238 - Creating performance indexes
2026-02-16 03:41:33,359 - texts_annotation - INFO - database.py:250 - Initializing default model version
2026-02-16 03:41:33,360 - texts_annotation - INFO - database.py:262 - Database initialized successfully
2026-02-16 03:41:33,361 - texts_annotation - INFO - text_repo.py:68 - Created text#1 with 0 candidates
2026-02-16 03:41:33,362 - texts_annotation - INFO - text_repo.py:68 - Created text#2 with 3 candidates
2026-02-16 03:41:33,362 - texts_annotation - INFO - import_service.py:82 - Imported 1 texts from /var/folders/8q/t1qfs5kn6vzf8hxfd_pp7yv80000gn/T/tmpr13ebpvs.csv
2026-02-16 03:41:33,363 - texts_annotation - INFO - database.py:133 - Initializing database: /var/folders/8q/t1qfs5kn6vzf8hxfd_pp7yv80000gn/T/tmp28lpxvk3.db
2026-02-16 03:41:33,365 - texts_annotation - INFO - database.py:238 - Creating performance indexes
2026-02-16 03:41:33,367 - texts_annotation - INFO - database.py:250 - Initializing default model version
2026-02-16 03:41:33,368 - texts_annotation - INFO - database.py:262 - Database initialized successfully
2026-02-16 03:41:33,368 - texts_annotation - WARNING - import_service.py:45 - CSV file not found: /nonexistent/file.csv
2026-02-16 03:41:33,369 - texts_annotation - INFO - database.py:133 - Initializing database: /var/folders/8q/t1qfs5kn6vzf8hxfd_pp7yv80000gn/T/tmp29xd73zv.db
2026-02-16 03:41:33,372 - texts_annotation - INFO - database.py:238 - Creating performance indexes
2026-02-16 03:41:33,374 - texts_annotation - INFO - database.py:250 - Initializing default model version
2026-02-16 03:41:33,374 - texts_annotation - INFO - database.py:262 - Database initialized successfully
2026-02-16 03:41:33,375 - texts_annotation - INFO - import_service.py:82 - Imported 0 texts from /var/folders/8q/t1qfs5kn6vzf8hxfd_pp7yv80000gn/T/tmp050nj0ea.csv
2026-02-16 03:41:33,375 - texts_annotation - INFO - database.py:133 - Initializing database: /var/folders/8q/t1qfs5kn6vzf8hxfd_pp7yv80000gn/T/tmpgjkpcsnx.db
2026-02-16 03:41:33,378 - texts_annotation - INFO - database.py:238 - Creating performance indexes
2026-02-16 03:41:33,380 - texts_annotation - INFO - database.py:250 - Initializing default model version
2026-02-16 03:41:33,381 - texts_annotation - INFO - database.py:262 - Database initialized successfully
2026-02-16 03:41:33,382 - texts_annotation - INFO - text_repo.py:68 - Created text#1 with 3 candidates
2026-02-16 03:41:33,382 - texts_annotation - INFO - import_service.py:82 - Imported 1 texts from /var/folders/8q/t1qfs5kn6vzf8hxfd_pp7yv80000gn/T/tmp3oo50oev.csv
2026-02-16 03:41:33,382 - texts_annotation - INFO - database.py:133 - Initializing database: /var/folders/8q/t1qfs5kn6vzf8hxfd_pp7yv80000gn/T/tmpas_q7_8a.db
2026-02-16 03:41:33,385 - texts_annotation - INFO - database.py:238 - Creating performance indexes
2026-02-16 03:41:33,387 - texts_annotation - INFO - database.py:250 - Initializing default model version
2026-02-16 03:41:33,387 - texts_annotation - INFO - database.py:262 - Database initialized successfully
2026-02-16 03:41:33,389 - texts_annotation - INFO - text_repo.py:68 - Created text#1 with 3 candidates
2026-02-16 03:41:33,390 - texts_annotation - INFO - text_repo.py:68 - Created text#2 with 3 candidates
2026-02-16 03:41:33,390 - texts_annotation - INFO - import_service.py:82 - Imported 2 texts from /var/folders/8q/t1qfs5kn6vzf8hxfd_pp7yv80000gn/T/tmp4xio2zbv.csv
2026-02-16 03:41:33,392 - texts_annotation - INFO - database.py:133 - Initializing database: /var/folders/8q/t1qfs5kn6vzf8hxfd_pp7yv80000gn/T/tmpbty8gjbc.db
2026-02-16 03:41:33,394 - texts_annotation - INFO - database.py:238 - Creating performance indexes
2026-02-16 03:41:33,396 - texts_annotation - INFO - database.py:250 - Initializing default model version
2026-02-16 03:41:33,397 - texts_annotation - INFO - database.py:262 - Database initialized successfully
2026-02-16 03:41:33,398 - texts_annotation - INFO - text_repo.py:68 - Created text#1 with 3 candidates
2026-02-16 03:41:33,398 - texts_annotation - INFO - import_service.py:82 - Imported 1 texts from /var/folders/8q/t1qfs5kn6vzf8hxfd_pp7yv80000gn/T/tmpiy7wb_af.csv
2026-02-16 03:41:33,399 - texts_annotation - INFO - database.py:133 - Initializing database: /var/folders/8q/t1qfs5kn6vzf8hxfd_pp7yv80000gn/T/tmpc8svp8ss.db
2026-02-16 03:41:33,401 - texts_annotation - INFO - database.py:238 - Creating performance indexes
2026-02-16 03:41:33,403 - texts_annotation - INFO - database.py:250 - Initializing default model version
2026-02-16 03:41:33,403 - texts_annotation - INFO - database.py:262 - Database initialized successfully
2026-02-16 03:41:33,404 - texts_annotation - INFO - text_repo.py:68 - Created text#1 with 3 candidates
2026-02-16 03:41:33,405 - texts_annotation - INFO - import_service.py:82 - Imported 1 texts from /var/folders/8q/t1qfs5kn6vzf8hxfd_pp7yv80000gn/T/tmpe3j3de8e.csv
2026-02-16 03:41:33,405 - texts_annotation - INFO - database.py:133 - Initializing database: /var/folders/8q/t1qfs5kn6vzf8hxfd_pp7yv80000gn/T/tmpdwm3su7y.db
2026-02-16 03:41:33,408 - texts_annotation - INFO - database.py:238 - Creating performance indexes
2026-02-16 03:41:33,410 - texts_annotation - INFO - database.py:250 - Initializing default model version
2026-02-16 03:41:33,410 - texts_annotation - INFO - database.py:262 - Database initialized successfully
2026-02-16 03:41:33,411 - texts_annotation - INFO - text_repo.py:68 - Created text#1 with 3 candidates
2026-02-16 03:41:33,411 - texts_annotation - INFO - import_service.py:82 - Imported 1 texts from /var/folders/8q/t1qfs5kn6vzf8hxfd_pp7yv80000gn/T/tmp3a6mov_n.csv
2026-02-16 03:41:33,412 - texts_annotation - INFO - database.py:133 - Initializing database: /var/folders/8q/t1qfs5kn6vzf8hxfd_pp7yv80000gn/T/tmpgw3g_fta.db
2026-02-16 03:41:33,415 - texts_annotation - INFO - database.py:238 - Creating performance indexes
2026-02-16 03:41:33,417 - texts_annotation - INFO - database.py:250 - Initializing default model version
2026-02-16 03:41:33,417 - texts_annotation - INFO - database.py:262 - Database initialized successfully
2026-02-16 03:41:33,418 - texts_annotation - INFO - text_repo.py:68 - Created text#1 with 1 candidates
2026-02-16 03:41:33,419 - texts_annotation - INFO - text_repo.py:68 - Created text#2 with 1 candidates
2026-02-16 03:41:33,419 - texts_annotation - INFO - import_service.py:82 - Imported 2 texts from /var/folders/8q/t1qfs5kn6vzf8hxfd_pp7yv80000gn/T/tmpl6w_byc7.csv
2026-02-16 03:41:33,420 - texts_annotation - INFO - database.py:133 - Initializing database: /var/folders/8q/t1qfs5kn6vzf8hxfd_pp7yv80000gn/T/tmpv0eeadsx.db
2026-02-16 03:41:33,422 - texts_annotation - INFO - database.py:238 - Creating performance indexes
2026-02-16 03:41:33,424 - texts_annotation - INFO - database.py:250 - Initializing default model version
2026-02-16 03:41:33,424 - texts_annotation - INFO - database.py:262 - Database initialized successfully
2026-02-16 03:41:33,425 - texts_annotation - INFO - text_repo.py:68 - Created text#1 with 1 candidates
2026-02-16 03:41:33,425 - texts_annotation - INFO - import_service.py:82 - Imported 1 texts from /var/folders/8q/t1qfs5kn6vzf8hxfd_pp7yv80000gn/T/tmpcrk5548t.csv
2026-02-16 03:41:33,426 - texts_annotation - INFO - database.py:133 - Initializing database: /var/folders/8q/t1qfs5kn6vzf8hxfd_pp7yv80000gn/T/tmp_thmkibn.db
2026-02-16 03:41:33,429 - texts_annotation - INFO - database.py:238 - Creating performance indexes
2026-02-16 03:41:33,431 - texts_annotation - INFO - database.py:250 - Initializing default model version
2026-02-16 03:41:33,431 - texts_annotation - INFO - database.py:262 - Database initialized successfully
2026-02-16 03:41:33,433 - texts_annotation - INFO - text_repo.py:68 - Created text#1 with 1 candidates
2026-02-16 03:41:33,433 - texts_annotation - INFO - import_service.py:82 - Imported 1 texts from /var/folders/8q/t1qfs5kn6vzf8hxfd_pp7yv80000gn/T/tmpy9riwri1.csv
2026-02-16 03:44:05,667 - texts_annotation - INFO - database.py:133 - Initializing database: /var/folders/8q/t1qfs5kn6vzf8hxfd_pp7yv80000gn/T/tmpuzx1vlle.db
2026-02-16 03:44:05,671 - texts_annotation - INFO - database.py:238 - Creating performance indexes
2026-02-16 03:44:05,674 - texts_annotation - INFO - database.py:250 - Initializing default model version
2026-02-16 03:44:05,674 - texts_annotation - INFO - database.py:262 - Database initialized successfully
2026-02-16 03:44:05,677 - texts_annotation - INFO - text_repo.py:68 - Created text#1 with 0 candidates
2026-02-16 03:44:05,678 - texts_annotation - INFO - yaml_loader.py:23 - Loaded YAML file: /var/folders/8q/t1qfs5kn6vzf8hxfd_pp7yv80000gn/T/tmpzz6umdxn.yaml
2026-02-16 03:44:05,678 - texts_annotation - INFO - auth_service.py:42 - Loaded 2 annotators
2026-02-16 03:44:05,678 - texts_annotation - INFO - auth_service.py:60 - Annotator authenticated: annotator1
2026-02-16 03:44:05,680 - texts_annotation - INFO - annotation_repo.py:78 - Saved 2 annotations for text#1 by annotator1
2026-02-16 03:44:05,680 - texts_annotation - INFO - annotation_service.py:100 - Saved 2 annotations for text#1
2026-02-16 03:44:05,680 - texts_annotation - INFO - auth_service.py:60 - Annotator authenticated: annotator2
2026-02-16 03:44:05,681 - texts_annotation - INFO - annotation_repo.py:78 - Saved 2 annotations for text#1 by annotator2
2026-02-16 03:44:05,681 - texts_annotation - INFO - annotation_service.py:100 - Saved 2 annotations for text#1
2026-02-16 03:44:05,682 - texts_annotation - INFO - database.py:133 - Initializing database: /var/folders/8q/t1qfs5kn6vzf8hxfd_pp7yv80000gn/T/tmp6nzfkwsi.db
2026-02-16 03:44:05,685 - texts_annotation - INFO - database.py:238 - Creating performance indexes
2026-02-16 03:44:05,687 - texts_annotation - INFO - database.py:250 - Initializing default model version
2026-02-16 03:44:05,687 - texts_annotation - INFO - database.py:262 - Database initialized successfully
2026-02-16 03:44:05,690 - texts_annotation - INFO - text_repo.py:68 - Created text#1 with 2 candidates
2026-02-16 03:44:05,690 - texts_annotation - INFO - import_service.py:82 - Imported 1 texts from /var/folders/8q/t1qfs5kn6vzf8hxfd_pp7yv80000gn/T/tmpo_5a_o8l.csv
2026-02-16 03:44:05,691 - texts_annotation - INFO - annotation_repo.py:78 - Saved 1 annotations for text#1 by test_user
2026-02-16 03:44:05,691 - texts_annotation - INFO - annotation_service.py:100 - Saved 1 annotations for text#1
2026-02-16 03:44:05,693 - texts_annotation - INFO - database.py:133 - Initializing database: /var/folders/8q/t1qfs5kn6vzf8hxfd_pp7yv80000gn/T/tmp7f3psyxm.db
2026-02-16 03:44:05,696 - texts_annotation - INFO - database.py:238 - Creating performance indexes
2026-02-16 03:44:05,698 - texts_annotation - INFO - database.py:250 - Initializing default model version
2026-02-16 03:44:05,698 - texts_annotation - INFO - database.py:262 - Database initialized successfully
2026-02-16 03:44:05,699 - texts_annotation - INFO - text_repo.py:68 - Created text#1 with 0 candidates
2026-02-16 03:44:05,701 - texts_annotation - INFO - annotation_repo.py:96 - Text#1 skipped by user1
2026-02-16 03:44:05,702 - texts_annotation - INFO - annotation_repo.py:111 - Text#1 unskipped by user1
2026-02-16 03:44:05,714 - texts_annotation - INFO - database.py:133 - Initializing database: /var/folders/8q/t1qfs5kn6vzf8hxfd_pp7yv80000gn/T/tmp5h7y_m1f.db
2026-02-16 03:44:05,717 - texts_annotation - INFO - database.py:238 - Creating performance indexes
2026-02-16 03:44:05,720 - texts_annotation - INFO - database.py:250 - Initializing default model version
2026-02-16 03:44:05,720 - texts_annotation - INFO - database.py:262 - Database initialized successfully
2026-02-16 03:44:05,721 - texts_annotation - INFO - text_repo.py:68 - Created text#1 with 2 candidates
2026-02-16 03:44:05,722 - texts_annotation - INFO - database.py:133 - Initializing database: /var/folders/8q/t1qfs5kn6vzf8hxfd_pp7yv80000gn/T/tmpes9n2_uq.db
2026-02-16 03:44:05,725 - texts_annotation - INFO - database.py:238 - Creating performance indexes
2026-02-16 03:44:05,727 - texts_annotation - INFO - database.py:250 - Initializing default model version
2026-02-16 03:44:05,728 - texts_annotation - INFO - database.py:262 - Database initialized successfully
2026-02-16 03:44:05,729 - texts_annotation - INFO - text_repo.py:68 - Created text#1 with 0 candidates
2026-02-16 03:44:05,730 - texts_annotation - INFO - database.py:133 - Initializing database: /var/folders/8q/t1qfs5kn6vzf8hxfd_pp7yv80000gn/T/tmp28_mqoz4.db
2026-02-16 03:44:05,733 - texts_annotation - INFO - database.py:238 - Creating performance indexes
2026-02-16 03:44:05,735 - texts_annotation - INFO - database.py:250 - Initializing default model version
2026-02-16 03:44:05,735 - texts_annotation - INFO - database.py:262 - Database initialized successfully
2026-02-16 03:44:05,736 - texts_annotation - INFO - text_repo.py:68 - Created text#1 with 0 candidates
2026-02-16 03:44:05,737 - texts_annotation - INFO - text_repo.py:68 - Created text#2 with 0 candidates
2026-02-16 03:44:05,738 - texts_annotation - INFO - text_repo.py:68 - Created text#3 with 0 candidates
2026-02-16 03:44:05,739 - texts_annotation - INFO - database.py:133 - Initializing database: /var/folders/8q/t1qfs5kn6vzf8hxfd_pp7yv80000gn/T/tmp3u6xph16.db
2026-02-16 03:44:05,742 - texts_annotation - INFO - database.py:238 - Creating performance indexes
2026-02-16 03:44:05,744 - texts_annotation - INFO - database.py:250 - Initializing default model version
2026-02-16 03:44:05,744 - texts_annotation - INFO - database.py:262 - Database initialized successfully
2026-02-16 03:44:05,745 - texts_annotation - INFO - text_repo.py:68 - Created text#1 with 0 candidates
2026-02-16 03:44:05,746 - texts_annotation - INFO - annotation_repo.py:78 - Saved 3 annotations for text#1 by test_user
2026-02-16 03:44:05,747 - texts_annotation - INFO - database.py:133 - Initializing database: /var/folders/8q/t1qfs5kn6vzf8hxfd_pp7yv80000gn/T/tmp5y15srbi.db
2026-02-16 03:44:05,750 - texts_annotation - INFO - database.py:238 - Creating performance indexes
2026-02-16 03:44:05,752 - texts_annotation - INFO - database.py:250 - Initializing default model version
2026-02-16 03:44:05,752 - texts_annotation - INFO - database.py:262 - Database initialized successfully
2026-02-16 03:44:05,753 - texts_annotation - INFO - text_repo.py:68 - Created text#1 with 0 candidates
2026-02-16 03:44:05,754 - texts_annotation - INFO - annotation_repo.py:96 - Text#1 skipped by test_user
2026-02-16 03:44:05,755 - texts_annotation - INFO - annotation_repo.py:96 - Text#1 skipped by test_user
2026-02-16 03:44:05,755 - texts_annotation - INFO - database.py:133 - Initializing database: /var/folders/8q/t1qfs5kn6vzf8hxfd_pp7yv80000gn/T/tmp5x9jvkdl.db
2026-02-16 03:44:05,758 - texts_annotation - INFO - database.py:238 - Creating performance indexes
2026-02-16 03:44:05,760 - texts_annotation - INFO - database.py:250 - Initializing default model version
2026-02-16 03:44:05,760 - texts_annotation - INFO - database.py:262 - Database initialized successfully
2026-02-16 03:44:05,761 - texts_annotation - INFO - text_repo.py:68 - Created text#1 with 0 candidates
2026-02-16 03:44:05,762 - texts_annotation - INFO - annotation_repo.py:96 - Text#1 skipped by test_user
2026-02-16 03:44:05,762 - texts_annotation - INFO - annotation_repo.py:111 - Text#1 unskipped by test_user
2026-02-16 03:44:05,763 - texts_annotation - INFO - annotation_repo.py:111 - Text#1 unskipped by test_user
2026-02-16 03:44:05,763 - texts_annotation - INFO - database.py:133 - Initializing database: /var/folders/8q/t1qfs5kn6vzf8hxfd_pp7yv80000gn/T/tmpjbygqkgh.db
2026-02-16 03:44:05,766 - texts_annotation - INFO - database.py:238 - Creating performance indexes
2026-02-16 03:44:05,769 - texts_annotation - INFO - database.py:250 - Initializing default model version
2026-02-16 03:44:05,769 - texts_annotation - INFO - database.py:262 - Database initialized successfully
2026-02-16 03:44:05,770 - texts_annotation - INFO - text_repo.py:68 - Created text#1 with 0 candidates
2026-02-16 03:44:05,771 - texts_annotation - INFO - annotation_repo.py:78 - Saved 1 annotations for text#1 by test_user
2026-02-16 03:44:05,771 - texts_annotation - INFO - text_repo.py:68 - Created text#2 with 0 candidates
2026-02-16 03:44:05,772 - texts_annotation - INFO - annotation_repo.py:78 - Saved 1 annotations for text#2 by test_user
2026-02-16 03:44:05,772 - texts_annotation - INFO - text_repo.py:68 - Created text#3 with 0 candidates
2026-02-16 03:44:05,773 - texts_annotation - INFO - annotation_repo.py:78 - Saved 1 annotations for text#3 by test_user
2026-02-16 03:44:05,773 - texts_annotation - INFO - text_repo.py:68 - Created text#4 with 0 candidates
2026-02-16 03:44:05,774 - texts_annotation - INFO - text_repo.py:68 - Created text#5 with 0 candidates
2026-02-16 03:44:05,775 - texts_annotation - INFO - database.py:133 - Initializing database: /var/folders/8q/t1qfs5kn6vzf8hxfd_pp7yv80000gn/T/tmp8hxx_k78.db
2026-02-16 03:44:05,778 - texts_annotation - INFO - database.py:238 - Creating performance indexes
2026-02-16 03:44:05,780 - texts_annotation - INFO - database.py:250 - Initializing default model version
2026-02-16 03:44:05,780 - texts_annotation - INFO - database.py:262 - Database initialized successfully
2026-02-16 03:44:05,782 - texts_annotation - INFO - database.py:133 - Initializing database: /var/folders/8q/t1qfs5kn6vzf8hxfd_pp7yv80000gn/T/tmp1yvyro52.db
2026-02-16 03:44:05,785 - texts_annotation - INFO - database.py:238 - Creating performance indexes
2026-02-16 03:44:05,787 - texts_annotation - INFO - database.py:250 - Initializing default model version
2026-02-16 03:44:05,788 - texts_annotation - INFO - database.py:262 - Database initialized successfully
2026-02-16 03:44:05,791 - texts_annotation - INFO - database.py:133 - Initializing database: /var/folders/8q/t1qfs5kn6vzf8hxfd_pp7yv80000gn/T/tmp6_u4c6d1.db
2026-02-16 03:44:05,794 - texts_annotation - INFO - database.py:238 - Creating performance indexes
2026-02-16 03:44:05,796 - texts_annotation - INFO - database.py:250 - Initializing default model version
2026-02-16 03:44:05,796 - texts_annotation - INFO - database.py:262 - Database initialized successfully
2026-02-16 03:44:05,800 - texts_annotation - INFO - database.py:133 - Initializing database: /var/folders/8q/t1qfs5kn6vzf8hxfd_pp7yv80000gn/T/tmppivnn1qq.db
2026-02-16 03:44:05,802 - texts_annotation - INFO - database.py:238 - Creating performance indexes
2026-02-16 03:44:05,804 - texts_annotation - INFO - database.py:250 - Initializing default model version
2026-02-16 03:44:05,805 - texts_annotation - INFO - database.py:262 - Database initialized successfully
2026-02-16 03:44:05,806 - texts_annotation - INFO - intent_repo.py:52 - Loading intents from file: /var/folders/8q/t1qfs5kn6vzf8hxfd_pp7yv80000gn/T/tmp7dfvp4sq.yaml
2026-02-16 03:44:05,806 - texts_annotation - INFO - yaml_loader.py:23 - Loaded YAML file: /var/folders/8q/t1qfs5kn6vzf8hxfd_pp7yv80000gn/T/tmp7dfvp4sq.yaml
2026-02-16 03:44:05,807 - texts_annotation - INFO - intent_repo.py:68 - Loaded 2 intents
2026-02-16 03:44:05,808 - texts_annotation - INFO - database.py:133 - Initializing database: /var/folders/8q/t1qfs5kn6vzf8hxfd_pp7yv80000gn/T/tmpb__sl_vv.db
2026-02-16 03:44:05,811 - texts_annotation - INFO - database.py:238 - Creating performance indexes
2026-02-16 03:44:05,813 - texts_annotation - INFO - database.py:250 - Initializing default model version
2026-02-16 03:44:05,813 - texts_annotation - INFO - database.py:262 - Database initialized successfully
2026-02-16 03:44:05,814 - texts_annotation - INFO - text_repo.py:68 - Created text#1 with 0 candidates
2026-02-16 03:44:05,815 - texts_annotation - INFO - database.py:133 - Initializing database: /var/folders/8q/t1qfs5kn6vzf8hxfd_pp7yv80000gn/T/tmpig4eh3ux.db
2026-02-16 03:44:05,818 - texts_annotation - INFO - database.py:238 - Creating performance indexes
2026-02-16 03:44:05,820 - texts_annotation - INFO - database.py:250 - Initializing default model version
2026-02-16 03:44:05,820 - texts_annotation - INFO - database.py:262 - Database initialized successfully
2026-02-16 03:44:05,821 - texts_annotation - INFO - text_repo.py:68 - Created text#1 with 0 candidates
2026-02-16 03:44:05,822 - texts_annotation - INFO - text_repo.py:68 - Created text#2 with 0 candidates
2026-02-16 03:44:05,823 - texts_annotation - INFO - database.py:133 - Initializing database: /var/folders/8q/t1qfs5kn6vzf8hxfd_pp7yv80000gn/T/tmpva7f_vq5.db
2026-02-16 03:44:05,826 - texts_annotation - INFO - database.py:238 - Creating performance indexes
2026-02-16 03:44:05,828 - texts_annotation - INFO - database.py:250 - Initializing default model version
2026-02-16 03:44:05,829 - texts_annotation - INFO - database.py:262 - Database initialized successfully
2026-02-16 03:44:05,830 - texts_annotation - INFO - text_repo.py:68 - Created text#1 with 0 candidates
2026-02-16 03:44:05,830 - texts_annotation - INFO - text_repo.py:68 - Created text#2 with 0 candidates
2026-02-16 03:44:05,831 - texts_annotation - INFO - database.py:133 - Initializing database: /var/folders/8q/t1qfs5kn6vzf8hxfd_pp7yv80000gn/T/tmpr66dm1ka.db
2026-02-16 03:44:05,834 - texts_annotation - INFO - database.py:238 - Creating performance indexes
2026-02-16 03:44:05,836 - texts_annotation - INFO - database.py:250 - Initializing default model version
2026-02-16 03:44:05,837 - texts_annotation - INFO - database.py:262 - Database initialized successfully
2026-02-16 03:44:05,838 - texts_annotation - INFO - database.py:133 - Initializing database: /var/folders/8q/t1qfs5kn6vzf8hxfd_pp7yv80000gn/T/tmplj62e5qk.db
2026-02-16 03:44:05,841 - texts_annotation - INFO - database.py:238 - Creating performance indexes
2026-02-16 03:44:05,844 - texts_annotation - INFO - database.py:250 - Initializing default model version
2026-02-16 03:44:05,844 - texts_annotation - INFO - database.py:262 - Database initialized successfully
2026-02-16 03:44:05,845 - texts_annotation - INFO - text_repo.py:68 - Created text#1 with 0 candidates
2026-02-16 03:44:05,846 - texts_annotation - INFO - annotation_repo.py:78 - Saved 1 annotations for text#1 by user1
2026-02-16 03:44:05,847 - texts_annotation - INFO - database.py:133 - Initializing database: /var/folders/8q/t1qfs5kn6vzf8hxfd_pp7yv80000gn/T/tmpn6em8djx.db
2026-02-16 03:44:05,850 - texts_annotation - INFO - database.py:238 - Creating performance indexes
2026-02-16 03:44:05,852 - texts_annotation - INFO - database.py:250 - Initializing default model version
2026-02-16 03:44:05,853 - texts_annotation - INFO - database.py:262 - Database initialized successfully
2026-02-16 03:44:05,854 - texts_annotation - INFO - text_repo.py:68 - Created text#1 with 2 candidates
2026-02-16 03:44:05,855 - texts_annotation - INFO - database.py:133 - Initializing database: /var/folders/8q/t1qfs5kn6vzf8hxfd_pp7yv80000gn/T/tmprwtkqbpu.db
2026-02-16 03:44:05,858 - texts_annotation - INFO - database.py:238 - Creating performance indexes
2026-02-16 03:44:05,860 - texts_annotation - INFO - database.py:250 - Initializing default model version
2026-02-16 03:44:05,861 - texts_annotation - INFO - database.py:262 - Database initialized successfully
2026-02-16 03:44:05,862 - texts_annotation - INFO - database.py:133 - Initializing database: /var/folders/8q/t1qfs5kn6vzf8hxfd_pp7yv80000gn/T/tmpk_72dgzu.db
2026-02-16 03:44:05,865 - texts_annotation - INFO - database.py:238 - Creating performance indexes
2026-02-16 03:44:05,867 - texts_annotation - INFO - database.py:250 - Initializing default model version
2026-02-16 03:44:05,868 - texts_annotation - INFO - database.py:262 - Database initialized successfully
2026-02-16 03:44:05,868 - texts_annotation - INFO - text_repo.py:68 - Created text#1 with 0 candidates
2026-02-16 03:44:05,869 - texts_annotation - INFO - annotation_repo.py:78 - Saved 2 annotations for text#1 by user1
2026-02-16 03:44:05,869 - texts_annotation - INFO - annotation_service.py:100 - Saved 2 annotations for text#1
2026-02-16 03:44:05,870 - texts_annotation - INFO - database.py:133 - Initializing database: /var/folders/8q/t1qfs5kn6vzf8hxfd_pp7yv80000gn/T/tmp9blheudz.db
2026-02-16 03:44:05,874 - texts_annotation - INFO - database.py:238 - Creating performance indexes
2026-02-16 03:44:05,875 - texts_annotation - INFO - database.py:250 - Initializing default model version
2026-02-16 03:44:05,876 - texts_annotation - INFO - database.py:262 - Database initialized successfully
2026-02-16 03:44:05,877 - texts_annotation - INFO - text_repo.py:68 - Created text#1 with 0 candidates
2026-02-16 03:44:05,877 - texts_annotation - INFO - annotation_repo.py:78 - Saved 2 annotations for text#1 by user1
2026-02-16 03:44:05,878 - texts_annotation - INFO - annotation_service.py:100 - Saved 2 annotations for text#1
2026-02-16 03:44:05,879 - texts_annotation - INFO - database.py:133 - Initializing database: /var/folders/8q/t1qfs5kn6vzf8hxfd_pp7yv80000gn/T/tmprkmgg7dy.db
2026-02-16 03:44:05,881 - texts_annotation - INFO - database.py:238 - Creating performance indexes
2026-02-16 03:44:05,883 - texts_annotation - INFO - database.py:250 - Initializing default model version
2026-02-16 03:44:05,884 - texts_annotation - INFO - database.py:262 - Database initialized successfully
2026-02-16 03:44:05,884 - texts_annotation - INFO - text_repo.py:68 - Created text#1 with 0 candidates
2026-02-16 03:44:05,885 - texts_annotation - INFO - annotation_repo.py:96 - Text#1 skipped by user1
2026-02-16 03:44:05,886 - texts_annotation - INFO - database.py:133 - Initializing database: /var/folders/8q/t1qfs5kn6vzf8hxfd_pp7yv80000gn/T/tmpmp2rhvdv.db
2026-02-16 03:44:05,889 - texts_annotation - INFO - database.py:238 - Creating performance indexes
2026-02-16 03:44:05,891 - texts_annotation - INFO - database.py:250 - Initializing default model version
2026-02-16 03:44:05,892 - texts_annotation - INFO - database.py:262 - Database initialized successfully
2026-02-16 03:44:05,893 - texts_annotation - INFO - text_repo.py:68 - Created text#1 with 0 candidates
2026-02-16 03:44:05,893 - texts_annotation - INFO - annotation_repo.py:96 - Text#1 skipped by user1
2026-02-16 03:44:05,894 - texts_annotation - INFO - annotation_repo.py:111 - Text#1 unskipped by user1
2026-02-16 03:44:05,895 - texts_annotation - INFO - database.py:133 - Initializing database: /var/folders/8q/t1qfs5kn6vzf8hxfd_pp7yv80000gn/T/tmpaw7187so.db
2026-02-16 03:44:05,897 - texts_annotation - INFO - database.py:238 - Creating performance indexes
2026-02-16 03:44:05,899 - texts_annotation - INFO - database.py:250 - Initializing default model version
2026-02-16 03:44:05,900 - texts_annotation - INFO - database.py:262 - Database initialized successfully
2026-02-16 03:44:05,901 - texts_annotation - INFO - database.py:133 - Initializing database: /var/folders/8q/t1qfs5kn6vzf8hxfd_pp7yv80000gn/T/tmpzlu7iq7z.db
2026-02-16 03:44:05,904 - texts_annotation - INFO - database.py:238 - Creating performance indexes
2026-02-16 03:44:05,906 - texts_annotation - INFO - database.py:250 - Initializing default model version
2026-02-16 03:44:05,906 - texts_annotation - INFO - database.py:262 - Database initialized successfully
2026-02-16 03:44:05,907 - texts_annotation - INFO - text_repo.py:68 - Created text#1 with 0 candidates
2026-02-16 03:44:05,908 - texts_annotation - INFO - text_repo.py:68 - Created text#2 with 0 candidates
2026-02-16 03:44:05,908 - texts_annotation - INFO - text_repo.py:68 - Created text#3 with 0 candidates
2026-02-16 03:44:05,908 - texts_annotation - INFO - text_repo.py:68 - Created text#4 with 0 candidates
2026-02-16 03:44:05,909 - texts_annotation - INFO - text_repo.py:68 - Created text#5 with 0 candidates
2026-02-16 03:44:05,909 - texts_annotation - INFO - annotation_repo.py:78 - Saved 1 annotations for text#1 by user1
2026-02-16 03:44:05,910 - texts_annotation - INFO - annotation_repo.py:78 - Saved 1 annotations for text#2 by user1
2026-02-16 03:44:05,910 - texts_annotation - INFO - annotation_repo.py:78 - Saved 1 annotations for text#3 by user1
2026-02-16 03:44:05,913 - texts_annotation - INFO - yaml_loader.py:23 - Loaded YAML file: /var/folders/8q/t1qfs5kn6vzf8hxfd_pp7yv80000gn/T/tmp2lgob3fu.yaml
2026-02-16 03:44:05,913 - texts_annotation - INFO - auth_service.py:42 - Loaded 2 annotators
2026-02-16 03:44:05,915 - texts_annotation - INFO - yaml_loader.py:23 - Loaded YAML file: /var/folders/8q/t1qfs5kn6vzf8hxfd_pp7yv80000gn/T/tmpv31kaj5h.yaml
2026-02-16 03:44:05,915 - texts_annotation - WARNING - auth_service.py:35 - Converted legacy 'languge' to 'language' for user1
2026-02-16 03:44:05,915 - texts_annotation - INFO - auth_service.py:42 - Loaded 1 annotators
2026-02-16 03:44:05,916 - texts_annotation - INFO - yaml_loader.py:23 - Loaded YAML file: /var/folders/8q/t1qfs5kn6vzf8hxfd_pp7yv80000gn/T/tmpuds1xlyq.yaml
2026-02-16 03:44:05,916 - texts_annotation - INFO - auth_service.py:42 - Loaded 1 annotators
2026-02-16 03:44:05,916 - texts_annotation - INFO - auth_service.py:60 - Annotator authenticated: test_user
2026-02-16 03:44:05,918 - texts_annotation - INFO - yaml_loader.py:23 - Loaded YAML file: /var/folders/8q/t1qfs5kn6vzf8hxfd_pp7yv80000gn/T/tmp03ujg3hi.yaml
2026-02-16 03:44:05,918 - texts_annotation - INFO - auth_service.py:42 - Loaded 1 annotators
2026-02-16 03:44:05,918 - texts_annotation - WARNING - auth_service.py:63 - Authentication failed for: test_user
2026-02-16 03:44:05,919 - texts_annotation - INFO - yaml_loader.py:23 - Loaded YAML file: /var/folders/8q/t1qfs5kn6vzf8hxfd_pp7yv80000gn/T/tmpmmm521op.yaml
2026-02-16 03:44:05,919 - texts_annotation - INFO - auth_service.py:42 - Loaded 0 annotators
2026-02-16 03:44:05,919 - texts_annotation - WARNING - auth_service.py:63 - Authentication failed for: nonexistent
2026-02-16 03:44:05,921 - texts_annotation - INFO - yaml_loader.py:23 - Loaded YAML file: /var/folders/8q/t1qfs5kn6vzf8hxfd_pp7yv80000gn/T/tmp_w6jfusp.yaml
2026-02-16 03:44:05,921 - texts_annotation - INFO - auth_service.py:42 - Loaded 1 annotators
2026-02-16 03:44:05,921 - texts_annotation - INFO - database.py:133 - Initializing database: /var/folders/8q/t1qfs5kn6vzf8hxfd_pp7yv80000gn/T/tmp40jbp_mv.db
2026-02-16 03:44:05,924 - texts_annotation - INFO - database.py:238 - Creating performance indexes
2026-02-16 03:44:05,926 - texts_annotation - INFO - database.py:250 - Initializing default model version
2026-02-16 03:44:05,927 - texts_annotation - INFO - database.py:262 - Database initialized successfully
2026-02-16 03:44:05,928 - texts_annotation - INFO - text_repo.py:68 - Created text#1 with 3 candidates
2026-02-16 03:44:05,929 - texts_annotation - INFO - text_repo.py:68 - Created text#2 with 3 candidates
2026-02-16 03:44:05,929 - texts_annotation - INFO - import_service.py:82 - Imported 2 texts from /var/folders/8q/t1qfs5kn6vzf8hxfd_pp7yv80000gn/T/tmpmpv85503.csv
2026-02-16 03:44:05,930 - texts_annotation - INFO - database.py:133 - Initializing database: /var/folders/8q/t1qfs5kn6vzf8hxfd_pp7yv80000gn/T/tmp72hmrmbs.db
2026-02-16 03:44:05,933 - texts_annotation - INFO - database.py:238 - Creating performance indexes
2026-02-16 03:44:05,935 - texts_annotation - INFO - database.py:250 - Initializing default model version
2026-02-16 03:44:05,936 - texts_annotation - INFO - database.py:262 - Database initialized successfully
2026-02-16 03:44:05,937 - texts_annotation - INFO - text_repo.py:68 - Created text#1 with 0 candidates
2026-02-16 03:44:05,938 - texts_annotation - INFO - text_repo.py:68 - Created text#2 with 3 candidates
2026-02-16 03:44:05,938 - texts_annotation - INFO - import_service.py:82 - Imported 1 texts from /var/folders/8q/t1qfs5kn6vzf8hxfd_pp7yv80000gn/T/tmpijok0kdm.csv
2026-02-16 03:44:05,939 - texts_annotation - INFO - database.py:133 - Initializing database: /var/folders/8q/t1qfs5kn6vzf8hxfd_pp7yv80000gn/T/tmpk9iy66t9.db
2026-02-16 03:44:05,941 - texts_annotation - INFO - database.py:238 - Creating performance indexes
2026-02-16 03:44:05,943 - texts_annotation - INFO - database.py:250 - Initializing default model version
2026-02-16 03:44:05,944 - texts_annotation - INFO - database.py:262 - Database initialized successfully
2026-02-16 03:44:05,944 - texts_annotation - WARNING - import_service.py:45 - CSV file not found: /nonexistent/file.csv
2026-02-16 03:44:05,945 - texts_annotation - INFO - database.py:133 - Initializing database: /var/folders/8q/t1qfs5kn6vzf8hxfd_pp7yv80000gn/T/tmpkbcc81z4.db
2026-02-16 03:44:05,953 - texts_annotation - INFO - database.py:238 - Creating performance indexes
2026-02-16 03:44:05,956 - texts_annotation - INFO - database.py:250 - Initializing default model version
2026-02-16 03:44:05,957 - texts_annotation - INFO - database.py:262 - Database initialized successfully
2026-02-16 03:44:05,958 - texts_annotation - INFO - import_service.py:82 - Imported 0 texts from /var/folders/8q/t1qfs5kn6vzf8hxfd_pp7yv80000gn/T/tmp0aongti_.csv
2026-02-16 03:44:05,961 - texts_annotation - INFO - database.py:133 - Initializing database: /var/folders/8q/t1qfs5kn6vzf8hxfd_pp7yv80000gn/T/tmpt1fox5x9.db
2026-02-16 03:44:05,966 - texts_annotation - INFO - database.py:238 - Creating performance indexes
2026-02-16 03:44:05,970 - texts_annotation - INFO - database.py:250 - Initializing default model version
2026-02-16 03:44:05,970 - texts_annotation - INFO - database.py:262 - Database initialized successfully
2026-02-16 03:44:05,974 - texts_annotation - INFO - text_repo.py:68 - Created text#1 with 3 candidates
2026-02-16 03:44:05,974 - texts_annotation - INFO - import_service.py:82 - Imported 1 texts from /var/folders/8q/t1qfs5kn6vzf8hxfd_pp7yv80000gn/T/tmpt6zb1kr_.csv
2026-02-16 03:44:05,976 - texts_annotation - INFO - database.py:133 - Initializing database: /var/folders/8q/t1qfs5kn6vzf8hxfd_pp7yv80000gn/T/tmp8jn9tsg1.db
2026-02-16 03:44:05,979 - texts_annotation - INFO - database.py:238 - Creating performance indexes
2026-02-16 03:44:05,982 - texts_annotation - INFO - database.py:250 - Initializing default model version
2026-02-16 03:44:05,982 - texts_annotation - INFO - database.py:262 - Database initialized successfully
2026-02-16 03:44:05,984 - texts_annotation - INFO - text_repo.py:68 - Created text#1 with 3 candidates
2026-02-16 03:44:05,986 - texts_annotation - INFO - text_repo.py:68 - Created text#2 with 3 candidates
2026-02-16 03:44:05,987 - texts_annotation - INFO - import_service.py:82 - Imported 2 texts from /var/folders/8q/t1qfs5kn6vzf8hxfd_pp7yv80000gn/T/tmpmc7mop_j.csv
2026-02-16 03:44:05,993 - texts_annotation - INFO - database.py:133 - Initializing database: /var/folders/8q/t1qfs5kn6vzf8hxfd_pp7yv80000gn/T/tmp7ihzd1ef.db
2026-02-16 03:44:05,995 - texts_annotation - INFO - database.py:238 - Creating performance indexes
2026-02-16 03:44:05,997 - texts_annotation - INFO - database.py:250 - Initializing default model version
2026-02-16 03:44:05,998 - texts_annotation - INFO - database.py:262 - Database initialized successfully
2026-02-16 03:44:05,999 - texts_annotation - INFO - text_repo.py:68 - Created text#1 with 3 candidates
2026-02-16 03:44:05,999 - texts_annotation - INFO - import_service.py:82 - Imported 1 texts from /var/folders/8q/t1qfs5kn6vzf8hxfd_pp7yv80000gn/T/tmpcdcre79r.csv
2026-02-16 03:44:06,000 - texts_annotation - INFO - database.py:133 - Initializing database: /var/folders/8q/t1qfs5kn6vzf8hxfd_pp7yv80000gn/T/tmpvmavmp31.db
2026-02-16 03:44:06,003 - texts_annotation - INFO - database.py:238 - Creating performance indexes
2026-02-16 03:44:06,005 - texts_annotation - INFO - database.py:250 - Initializing default model version
2026-02-16 03:44:06,005 - texts_annotation - INFO - database.py:262 - Database initialized successfully
2026-02-16 03:44:06,007 - texts_annotation - INFO - text_repo.py:68 - Created text#1 with 3 candidates
2026-02-16 03:44:06,007 - texts_annotation - INFO - import_service.py:82 - Imported 1 texts from /var/folders/8q/t1qfs5kn6vzf8hxfd_pp7yv80000gn/T/tmpz4t5rev0.csv
2026-02-16 03:44:06,008 - texts_annotation - INFO - database.py:133 - Initializing database: /var/folders/8q/t1qfs5kn6vzf8hxfd_pp7yv80000gn/T/tmp1t7j0xml.db
2026-02-16 03:44:06,011 - texts_annotation - INFO - database.py:238 - Creating performance indexes
2026-02-16 03:44:06,013 - texts_annotation - INFO - database.py:250 - Initializing default model version
2026-02-16 03:44:06,013 - texts_annotation - INFO - database.py:262 - Database initialized successfully
2026-02-16 03:44:06,014 - texts_annotation - INFO - text_repo.py:68 - Created text#1 with 3 candidates
2026-02-16 03:44:06,015 - texts_annotation - INFO - import_service.py:82 - Imported 1 texts from /var/folders/8q/t1qfs5kn6vzf8hxfd_pp7yv80000gn/T/tmpyzekw68t.csv
2026-02-16 03:44:06,016 - texts_annotation - INFO - database.py:133 - Initializing database: /var/folders/8q/t1qfs5kn6vzf8hxfd_pp7yv80000gn/T/tmpih0_7258.db
2026-02-16 03:44:06,022 - texts_annotation - INFO - database.py:238 - Creating performance indexes
2026-02-16 03:44:06,024 - texts_annotation - INFO - database.py:250 - Initializing default model version
2026-02-16 03:44:06,025 - texts_annotation - INFO - database.py:262 - Database initialized successfully
2026-02-16 03:44:06,026 - texts_annotation - INFO - text_repo.py:68 - Created text#1 with 1 candidates
2026-02-16 03:44:06,027 - texts_annotation - INFO - text_repo.py:68 - Created text#2 with 1 candidates
2026-02-16 03:44:06,027 - texts_annotation - INFO - import_service.py:82 - Imported 2 texts from /var/folders/8q/t1qfs5kn6vzf8hxfd_pp7yv80000gn/T/tmpv2_zjv1h.csv
2026-02-16 03:44:06,028 - texts_annotation - INFO - database.py:133 - Initializing database: /var/folders/8q/t1qfs5kn6vzf8hxfd_pp7yv80000gn/T/tmp7pf243wk.db
2026-02-16 03:44:06,031 - texts_annotation - INFO - database.py:238 - Creating performance indexes
2026-02-16 03:44:06,032 - texts_annotation - INFO - database.py:250 - Initializing default model version
2026-02-16 03:44:06,033 - texts_annotation - INFO - database.py:262 - Database initialized successfully
2026-02-16 03:44:06,034 - texts_annotation - INFO - text_repo.py:68 - Created text#1 with 1 candidates
2026-02-16 03:44:06,034 - texts_annotation - INFO - import_service.py:82 - Imported 1 texts from /var/folders/8q/t1qfs5kn6vzf8hxfd_pp7yv80000gn/T/tmpyhyuxl03.csv
2026-02-16 03:44:06,035 - texts_annotation - INFO - database.py:133 - Initializing database: /var/folders/8q/t1qfs5kn6vzf8hxfd_pp7yv80000gn/T/tmp27h9_h9i.db
2026-02-16 03:44:06,039 - texts_annotation - INFO - database.py:238 - Creating performance indexes
2026-02-16 03:44:06,041 - texts_annotation - INFO - database.py:250 - Initializing default model version
2026-02-16 03:44:06,042 - texts_annotation - INFO - database.py:262 - Database initialized successfully
2026-02-16 03:44:06,043 - texts_annotation - INFO - text_repo.py:68 - Created text#1 with 1 candidates
2026-02-16 03:44:06,043 - texts_annotation - INFO - import_service.py:82 - Imported 1 texts from /var/folders/8q/t1qfs5kn6vzf8hxfd_pp7yv80000gn/T/tmp1s16rvlk.csv
2026-02-16 03:44:06,044 - texts_annotation - INFO - database.py:133 - Initializing database: /var/folders/8q/t1qfs5kn6vzf8hxfd_pp7yv80000gn/T/tmp201ijh1s.db
2026-02-16 03:44:06,047 - texts_annotation - INFO - database.py:238 - Creating performance indexes
2026-02-16 03:44:06,049 - texts_annotation - INFO - database.py:250 - Initializing default model version
2026-02-16 03:44:06,049 - texts_annotation - INFO - database.py:262 - Database initialized successfully
2026-02-16 03:44:06,051 - texts_annotation - INFO - database.py:133 - Initializing database: /var/folders/8q/t1qfs5kn6vzf8hxfd_pp7yv80000gn/T/tmpgcofturr.db
2026-02-16 03:44:06,054 - texts_annotation - INFO - database.py:238 - Creating performance indexes
2026-02-16 03:44:06,056 - texts_annotation - INFO - database.py:250 - Initializing default model version
2026-02-16 03:44:06,057 - texts_annotation - INFO - database.py:262 - Database initialized successfully
2026-02-16 03:44:06,057 - texts_annotation - INFO - text_repo.py:68 - Created text#1 with 0 candidates
2026-02-16 03:44:06,058 - texts_annotation - INFO - text_repo.py:68 - Created text#2 with 0 candidates
2026-02-16 03:44:06,058 - texts_annotation - INFO - text_repo.py:68 - Created text#3 with 0 candidates
2026-02-16 03:44:06,059 - texts_annotation - INFO - annotation_repo.py:78 - Saved 2 annotations for text#1 by user1
2026-02-16 03:44:06,059 - texts_annotation - INFO - annotation_repo.py:78 - Saved 2 annotations for text#2 by user1
2026-02-16 03:44:06,061 - texts_annotation - INFO - database.py:133 - Initializing database: /var/folders/8q/t1qfs5kn6vzf8hxfd_pp7yv80000gn/T/tmp8ocxaqt2.db
2026-02-16 03:44:06,064 - texts_annotation - INFO - database.py:238 - Creating performance indexes
2026-02-16 03:44:06,066 - texts_annotation - INFO - database.py:250 - Initializing default model version
2026-02-16 03:44:06,066 - texts_annotation - INFO - database.py:262 - Database initialized successfully
2026-02-16 03:44:06,068 - texts_annotation - INFO - database.py:133 - Initializing database: /var/folders/8q/t1qfs5kn6vzf8hxfd_pp7yv80000gn/T/tmp2qnija2z.db
2026-02-16 03:44:06,071 - texts_annotation - INFO - database.py:238 - Creating performance indexes
2026-02-16 03:44:06,073 - texts_annotation - INFO - database.py:250 - Initializing default model version
2026-02-16 03:44:06,073 - texts_annotation - INFO - database.py:262 - Database initialized successfully
2026-02-16 03:44:06,074 - texts_annotation - INFO - text_repo.py:68 - Created text#1 with 0 candidates
2026-02-16 03:44:06,075 - texts_annotation - INFO - annotation_repo.py:78 - Saved 3 annotations for text#1 by user1
2026-02-16 03:44:06,076 - texts_annotation - INFO - database.py:133 - Initializing database: /var/folders/8q/t1qfs5kn6vzf8hxfd_pp7yv80000gn/T/tmposnfz2x_.db
2026-02-16 03:44:06,079 - texts_annotation - INFO - database.py:238 - Creating performance indexes
2026-02-16 03:44:06,081 - texts_annotation - INFO - database.py:250 - Initializing default model version
2026-02-16 03:44:06,081 - texts_annotation - INFO - database.py:262 - Database initialized successfully
2026-02-16 03:44:06,082 - texts_annotation - INFO - text_repo.py:68 - Created text#1 with 0 candidates
2026-02-16 03:44:06,083 - texts_annotation - INFO - annotation_repo.py:78 - Saved 1 annotations for text#1 by user1
2026-02-16 03:44:06,083 - texts_annotation - INFO - annotation_repo.py:78 - Saved 2 annotations for text#1 by user2
2026-02-16 03:44:06,085 - texts_annotation - INFO - database.py:133 - Initializing database: /var/folders/8q/t1qfs5kn6vzf8hxfd_pp7yv80000gn/T/tmpcpx6lej6.db
2026-02-16 03:44:06,088 - texts_annotation - INFO - database.py:238 - Creating performance indexes
2026-02-16 03:44:06,090 - texts_annotation - INFO - database.py:250 - Initializing default model version
2026-02-16 03:44:06,090 - texts_annotation - INFO - database.py:262 - Database initialized successfully
2026-02-16 03:44:06,092 - texts_annotation - INFO - database.py:133 - Initializing database: /var/folders/8q/t1qfs5kn6vzf8hxfd_pp7yv80000gn/T/tmpaxvqxy3s.db
2026-02-16 03:44:06,095 - texts_annotation - INFO - database.py:238 - Creating performance indexes
2026-02-16 03:44:06,097 - texts_annotation - INFO - database.py:250 - Initializing default model version
2026-02-16 03:44:06,097 - texts_annotation - INFO - database.py:262 - Database initialized successfully
2026-02-16 03:44:06,100 - texts_annotation - INFO - database.py:133 - Initializing database: /var/folders/8q/t1qfs5kn6vzf8hxfd_pp7yv80000gn/T/tmp06pagvf0.db
2026-02-16 03:44:06,103 - texts_annotation - INFO - database.py:238 - Creating performance indexes
2026-02-16 03:44:06,105 - texts_annotation - INFO - database.py:250 - Initializing default model version
2026-02-16 03:44:06,105 - texts_annotation - INFO - database.py:262 - Database initialized successfully
2026-02-16 03:44:06,107 - texts_annotation - INFO - database.py:133 - Initializing database: /var/folders/8q/t1qfs5kn6vzf8hxfd_pp7yv80000gn/T/tmp1pxwcwhd.db
2026-02-16 03:44:06,110 - texts_annotation - INFO - database.py:238 - Creating performance indexes
2026-02-16 03:44:06,112 - texts_annotation - INFO - database.py:250 - Initializing default model version
2026-02-16 03:44:06,112 - texts_annotation - INFO - database.py:262 - Database initialized successfully
2026-02-16 03:44:06,113 - texts_annotation - INFO - text_repo.py:68 - Created text#1 with 0 candidates
2026-02-16 03:44:06,114 - texts_annotation - INFO - text_repo.py:68 - Created text#2 with 0 candidates
2026-02-16 03:44:06,114 - texts_annotation - INFO - text_repo.py:68 - Created text#3 with 0 candidates
2026-02-16 03:44:06,115 - texts_annotation - INFO - text_repo.py:68 - Created text#4 with 0 candidates
2026-02-16 03:44:06,115 - texts_annotation - INFO - text_repo.py:68 - Created text#5 with 0 candidates
2026-02-16 03:44:06,116 - texts_annotation - INFO - annotation_repo.py:78 - Saved 1 annotations for text#1 by user1
2026-02-16 03:44:06,116 - texts_annotation - INFO - annotation_repo.py:78 - Saved 1 annotations for text#2 by user1
2026-02-16 03:44:06,117 - texts_annotation - INFO - annotation_repo.py:78 - Saved 1 annotations for text#4 by user1
2026-02-16 03:44:06,117 - texts_annotation - INFO - annotation_repo.py:78 - Saved 1 annotations for text#5 by user1
2026-02-16 03:44:06,132 - texts_annotation - INFO - database.py:133 - Initializing database: /var/folders/8q/t1qfs5kn6vzf8hxfd_pp7yv80000gn/T/tmp3zva857a.db
2026-02-16 03:44:06,135 - texts_annotation - INFO - database.py:238 - Creating performance indexes
2026-02-16 03:44:06,137 - texts_annotation - INFO - database.py:250 - Initializing default model version
2026-02-16 03:44:06,138 - texts_annotation - INFO - database.py:262 - Database initialized successfully
2026-02-16 03:44:06,140 - texts_annotation - INFO - database.py:133 - Initializing database: /var/folders/8q/t1qfs5kn6vzf8hxfd_pp7yv80000gn/T/tmp_fs3ty0t.db
2026-02-16 03:44:06,142 - texts_annotation - INFO - database.py:238 - Creating performance indexes
2026-02-16 03:44:06,144 - texts_annotation - INFO - database.py:250 - Initializing default model version
2026-02-16 03:44:06,145 - texts_annotation - INFO - database.py:262 - Database initialized successfully
2026-02-16 03:44:06,146 - texts_annotation - INFO - text_repo.py:68 - Created text#1 with 0 candidates
2026-02-16 03:44:06,146 - texts_annotation - INFO - annotation_repo.py:78 - Saved 1 annotations for text#1 by user1
2026-02-16 03:44:06,147 - texts_annotation - INFO - annotation_repo.py:78 - Saved 1 annotations for text#1 by user2
2026-02-16 03:44:06,149 - texts_annotation - INFO - database.py:133 - Initializing database: /var/folders/8q/t1qfs5kn6vzf8hxfd_pp7yv80000gn/T/tmpn_w4a4wb.db
2026-02-16 03:44:06,151 - texts_annotation - INFO - database.py:238 - Creating performance indexes
2026-02-16 03:44:06,153 - texts_annotation - INFO - database.py:250 - Initializing default model version
2026-02-16 03:44:06,153 - texts_annotation - INFO - database.py:262 - Database initialized successfully
2026-02-16 03:44:06,154 - texts_annotation - INFO - text_repo.py:68 - Created text#1 with 0 candidates
2026-02-16 03:44:06,155 - texts_annotation - INFO - annotation_repo.py:78 - Saved 1 annotations for text#1 by user1
2026-02-16 03:44:06,155 - texts_annotation - INFO - annotation_repo.py:78 - Saved 1 annotations for text#1 by user2
2026-02-16 03:44:06,157 - texts_annotation - INFO - database.py:133 - Initializing database: /var/folders/8q/t1qfs5kn6vzf8hxfd_pp7yv80000gn/T/tmpf207sgq8.db
2026-02-16 03:44:06,160 - texts_annotation - INFO - database.py:238 - Creating performance indexes
2026-02-16 03:44:06,162 - texts_annotation - INFO - database.py:250 - Initializing default model version
2026-02-16 03:44:06,163 - texts_annotation - INFO - database.py:262 - Database initialized successfully
2026-02-16 03:44:06,175 - texts_annotation - INFO - stats_service.py:178 - Exported 0 annotations to /private/var/folders/8q/t1qfs5kn6vzf8hxfd_pp7yv80000gn/T/pytest-of-tolord/pytest-0/test_export_annotations_empty0/export.csv
2026-02-16 03:44:06,175 - texts_annotation - INFO - database.py:133 - Initializing database: /var/folders/8q/t1qfs5kn6vzf8hxfd_pp7yv80000gn/T/tmpa3ea0022.db
2026-02-16 03:44:06,179 - texts_annotation - INFO - database.py:238 - Creating performance indexes
2026-02-16 03:44:06,181 - texts_annotation - INFO - database.py:250 - Initializing default model version
2026-02-16 03:44:06,181 - texts_annotation - INFO - database.py:262 - Database initialized successfully
2026-02-16 03:44:06,182 - texts_annotation - INFO - text_repo.py:68 - Created text#1 with 0 candidates
2026-02-16 03:44:06,183 - texts_annotation - INFO - annotation_repo.py:78 - Saved 2 annotations for text#1 by user1
2026-02-16 03:44:06,191 - texts_annotation - INFO - stats_service.py:178 - Exported 2 annotations to /private/var/folders/8q/t1qfs5kn6vzf8hxfd_pp7yv80000gn/T/pytest-of-tolord/pytest-0/test_export_annotations_with_d0/export.csv
2026-02-16 03:44:21,727 - texts_annotation - INFO - database.py:133 - Initializing database: /var/folders/8q/t1qfs5kn6vzf8hxfd_pp7yv80000gn/T/tmp1gwuas_a.db
2026-02-16 03:44:21,732 - texts_annotation - INFO - database.py:238 - Creating performance indexes
2026-02-16 03:44:21,734 - texts_annotation - INFO - database.py:250 - Initializing default model version
2026-02-16 03:44:21,734 - texts_annotation - INFO - database.py:262 - Database initialized successfully
2026-02-16 03:44:21,737 - texts_annotation - INFO - text_repo.py:68 - Created text#1 with 0 candidates
2026-02-16 03:44:21,738 - texts_annotation - INFO - yaml_loader.py:23 - Loaded YAML file: /var/folders/8q/t1qfs5kn6vzf8hxfd_pp7yv80000gn/T/tmpco79rs5b.yaml
2026-02-16 03:44:21,738 - texts_annotation - INFO - auth_service.py:42 - Loaded 2 annotators
2026-02-16 03:44:21,738 - texts_annotation - INFO - auth_service.py:60 - Annotator authenticated: annotator1
2026-02-16 03:44:21,739 - texts_annotation - INFO - annotation_repo.py:78 - Saved 2 annotations for text#1 by annotator1
2026-02-16 03:44:21,739 - texts_annotation - INFO - annotation_service.py:100 - Saved 2 annotations for text#1
2026-02-16 03:44:21,740 - texts_annotation - INFO - auth_service.py:60 - Annotator authenticated: annotator2
2026-02-16 03:44:21,740 - texts_annotation - INFO - annotation_repo.py:78 - Saved 2 annotations for text#1 by annotator2
2026-02-16 03:44:21,741 - texts_annotation - INFO - annotation_service.py:100 - Saved 2 annotations for text#1
2026-02-16 03:44:21,742 - texts_annotation - INFO - database.py:133 - Initializing database: /var/folders/8q/t1qfs5kn6vzf8hxfd_pp7yv80000gn/T/tmptg8v6dq9.db
2026-02-16 03:44:21,745 - texts_annotation - INFO - database.py:238 - Creating performance indexes
2026-02-16 03:44:21,747 - texts_annotation - INFO - database.py:250 - Initializing default model version
2026-02-16 03:44:21,748 - texts_annotation - INFO - database.py:262 - Database initialized successfully
2026-02-16 03:44:21,750 - texts_annotation - INFO - text_repo.py:68 - Created text#1 with 2 candidates
2026-02-16 03:44:21,750 - texts_annotation - INFO - import_service.py:82 - Imported 1 texts from /var/folders/8q/t1qfs5kn6vzf8hxfd_pp7yv80000gn/T/tmpyuu57_fw.csv
2026-02-16 03:44:21,751 - texts_annotation - INFO - annotation_repo.py:78 - Saved 1 annotations for text#1 by test_user
2026-02-16 03:44:21,751 - texts_annotation - INFO - annotation_service.py:100 - Saved 1 annotations for text#1
2026-02-16 03:44:21,752 - texts_annotation - INFO - database.py:133 - Initializing database: /var/folders/8q/t1qfs5kn6vzf8hxfd_pp7yv80000gn/T/tmpena9hw4c.db
2026-02-16 03:44:21,755 - texts_annotation - INFO - database.py:238 - Creating performance indexes
2026-02-16 03:44:21,757 - texts_annotation - INFO - database.py:250 - Initializing default model version
2026-02-16 03:44:21,758 - texts_annotation - INFO - database.py:262 - Database initialized successfully
2026-02-16 03:44:21,758 - texts_annotation - INFO - text_repo.py:68 - Created text#1 with 0 candidates
2026-02-16 03:44:21,760 - texts_annotation - INFO - annotation_repo.py:96 - Text#1 skipped by user1
2026-02-16 03:44:21,761 - texts_annotation - INFO - annotation_repo.py:111 - Text#1 unskipped by user1
2026-02-16 03:45:17,287 - texts_annotation - INFO - database.py:133 - Initializing database: /var/folders/8q/t1qfs5kn6vzf8hxfd_pp7yv80000gn/T/tmpnug9slco.db
2026-02-16 03:45:17,291 - texts_annotation - INFO - database.py:238 - Creating performance indexes
2026-02-16 03:45:17,294 - texts_annotation - INFO - database.py:250 - Initializing default model version
2026-02-16 03:45:17,294 - texts_annotation - INFO - database.py:262 - Database initialized successfully
2026-02-16 03:45:17,297 - texts_annotation - INFO - text_repo.py:68 - Created text#1 with 0 candidates
2026-02-16 03:45:17,298 - texts_annotation - INFO - yaml_loader.py:23 - Loaded YAML file: /var/folders/8q/t1qfs5kn6vzf8hxfd_pp7yv80000gn/T/tmpyaiw10_c.yaml
2026-02-16 03:45:17,298 - texts_annotation - INFO - auth_service.py:42 - Loaded 2 annotators
2026-02-16 03:45:17,298 - texts_annotation - INFO - auth_service.py:60 - Annotator authenticated: annotator1
2026-02-16 03:45:17,299 - texts_annotation - INFO - annotation_repo.py:78 - Saved 2 annotations for text#1 by annotator1
2026-02-16 03:45:17,299 - texts_annotation - INFO - annotation_service.py:100 - Saved 2 annotations for text#1
2026-02-16 03:45:17,300 - texts_annotation - INFO - auth_service.py:60 - Annotator authenticated: annotator2
2026-02-16 03:45:17,301 - texts_annotation - INFO - annotation_repo.py:78 - Saved 2 annotations for text#1 by annotator2
2026-02-16 03:45:17,301 - texts_annotation - INFO - annotation_service.py:100 - Saved 2 annotations for text#1
2026-02-16 03:45:17,302 - texts_annotation - INFO - database.py:133 - Initializing database: /var/folders/8q/t1qfs5kn6vzf8hxfd_pp7yv80000gn/T/tmph8rqgah_.db
2026-02-16 03:45:17,304 - texts_annotation - INFO - database.py:238 - Creating performance indexes
2026-02-16 03:45:17,306 - texts_annotation - INFO - database.py:250 - Initializing default model version
2026-02-16 03:45:17,306 - texts_annotation - INFO - database.py:262 - Database initialized successfully
2026-02-16 03:45:17,308 - texts_annotation - INFO - text_repo.py:68 - Created text#1 with 2 candidates
2026-02-16 03:45:17,308 - texts_annotation - INFO - import_service.py:82 - Imported 1 texts from /var/folders/8q/t1qfs5kn6vzf8hxfd_pp7yv80000gn/T/tmpll82uaeu.csv
2026-02-16 03:45:17,310 - texts_annotation - INFO - annotation_repo.py:78 - Saved 1 annotations for text#1 by test_user
2026-02-16 03:45:17,310 - texts_annotation - INFO - annotation_service.py:100 - Saved 1 annotations for text#1
2026-02-16 03:45:17,311 - texts_annotation - INFO - database.py:133 - Initializing database: /var/folders/8q/t1qfs5kn6vzf8hxfd_pp7yv80000gn/T/tmpi6kgsqka.db
2026-02-16 03:45:17,314 - texts_annotation - INFO - database.py:238 - Creating performance indexes
2026-02-16 03:45:17,316 - texts_annotation - INFO - database.py:250 - Initializing default model version
2026-02-16 03:45:17,316 - texts_annotation - INFO - database.py:262 - Database initialized successfully
2026-02-16 03:45:17,317 - texts_annotation - INFO - text_repo.py:68 - Created text#1 with 0 candidates
2026-02-16 03:45:17,319 - texts_annotation - INFO - annotation_repo.py:96 - Text#1 skipped by user1
2026-02-16 03:45:17,320 - texts_annotation - INFO - annotation_repo.py:111 - Text#1 unskipped by user1
2026-02-16 03:45:17,331 - texts_annotation - INFO - database.py:133 - Initializing database: /var/folders/8q/t1qfs5kn6vzf8hxfd_pp7yv80000gn/T/tmp2f2ub4vo.db
2026-02-16 03:45:17,334 - texts_annotation - INFO - database.py:238 - Creating performance indexes
2026-02-16 03:45:17,337 - texts_annotation - INFO - database.py:250 - Initializing default model version
2026-02-16 03:45:17,337 - texts_annotation - INFO - database.py:262 - Database initialized successfully
2026-02-16 03:45:17,338 - texts_annotation - INFO - text_repo.py:68 - Created text#1 with 2 candidates
2026-02-16 03:45:17,339 - texts_annotation - INFO - database.py:133 - Initializing database: /var/folders/8q/t1qfs5kn6vzf8hxfd_pp7yv80000gn/T/tmp7de2clb2.db
2026-02-16 03:45:17,342 - texts_annotation - INFO - database.py:238 - Creating performance indexes
2026-02-16 03:45:17,344 - texts_annotation - INFO - database.py:250 - Initializing default model version
2026-02-16 03:45:17,344 - texts_annotation - INFO - database.py:262 - Database initialized successfully
2026-02-16 03:45:17,345 - texts_annotation - INFO - text_repo.py:68 - Created text#1 with 0 candidates
2026-02-16 03:45:17,346 - texts_annotation - INFO - database.py:133 - Initializing database: /var/folders/8q/t1qfs5kn6vzf8hxfd_pp7yv80000gn/T/tmp3q617thy.db
2026-02-16 03:45:17,348 - texts_annotation - INFO - database.py:238 - Creating performance indexes
2026-02-16 03:45:17,350 - texts_annotation - INFO - database.py:250 - Initializing default model version
2026-02-16 03:45:17,350 - texts_annotation - INFO - database.py:262 - Database initialized successfully
2026-02-16 03:45:17,351 - texts_annotation - INFO - text_repo.py:68 - Created text#1 with 0 candidates
2026-02-16 03:45:17,351 - texts_annotation - INFO - text_repo.py:68 - Created text#2 with 0 candidates
2026-02-16 03:45:17,352 - texts_annotation - INFO - text_repo.py:68 - Created text#3 with 0 candidates
2026-02-16 03:45:17,353 - texts_annotation - INFO - database.py:133 - Initializing database: /var/folders/8q/t1qfs5kn6vzf8hxfd_pp7yv80000gn/T/tmphwz8ryww.db
2026-02-16 03:45:17,356 - texts_annotation - INFO - database.py:238 - Creating performance indexes
2026-02-16 03:45:17,358 - texts_annotation - INFO - database.py:250 - Initializing default model version
2026-02-16 03:45:17,358 - texts_annotation - INFO - database.py:262 - Database initialized successfully
2026-02-16 03:45:17,359 - texts_annotation - INFO - text_repo.py:68 - Created text#1 with 0 candidates
2026-02-16 03:45:17,360 - texts_annotation - INFO - annotation_repo.py:78 - Saved 3 annotations for text#1 by test_user
2026-02-16 03:45:17,361 - texts_annotation - INFO - database.py:133 - Initializing database: /var/folders/8q/t1qfs5kn6vzf8hxfd_pp7yv80000gn/T/tmp6tbd81p6.db
2026-02-16 03:45:17,363 - texts_annotation - INFO - database.py:238 - Creating performance indexes
2026-02-16 03:45:17,365 - texts_annotation - INFO - database.py:250 - Initializing default model version
2026-02-16 03:45:17,366 - texts_annotation - INFO - database.py:262 - Database initialized successfully
2026-02-16 03:45:17,366 - texts_annotation - INFO - text_repo.py:68 - Created text#1 with 0 candidates
2026-02-16 03:45:17,367 - texts_annotation - INFO - annotation_repo.py:96 - Text#1 skipped by test_user
2026-02-16 03:45:17,367 - texts_annotation - INFO - annotation_repo.py:96 - Text#1 skipped by test_user
2026-02-16 03:45:17,368 - texts_annotation - INFO - database.py:133 - Initializing database: /var/folders/8q/t1qfs5kn6vzf8hxfd_pp7yv80000gn/T/tmptaxz1co3.db
2026-02-16 03:45:17,370 - texts_annotation - INFO - database.py:238 - Creating performance indexes
2026-02-16 03:45:17,373 - texts_annotation - INFO - database.py:250 - Initializing default model version
2026-02-16 03:45:17,373 - texts_annotation - INFO - database.py:262 - Database initialized successfully
2026-02-16 03:45:17,374 - texts_annotation - INFO - text_repo.py:68 - Created text#1 with 0 candidates
2026-02-16 03:45:17,374 - texts_annotation - INFO - annotation_repo.py:96 - Text#1 skipped by test_user
2026-02-16 03:45:17,375 - texts_annotation - INFO - annotation_repo.py:111 - Text#1 unskipped by test_user
2026-02-16 03:45:17,375 - texts_annotation - INFO - annotation_repo.py:111 - Text#1 unskipped by test_user
2026-02-16 03:45:17,376 - texts_annotation - INFO - database.py:133 - Initializing database: /var/folders/8q/t1qfs5kn6vzf8hxfd_pp7yv80000gn/T/tmpobjlpg2y.db
2026-02-16 03:45:17,378 - texts_annotation - INFO - database.py:238 - Creating performance indexes
2026-02-16 03:45:17,380 - texts_annotation - INFO - database.py:250 - Initializing default model version
2026-02-16 03:45:17,380 - texts_annotation - INFO - database.py:262 - Database initialized successfully
2026-02-16 03:45:17,381 - texts_annotation - INFO - text_repo.py:68 - Created text#1 with 0 candidates
2026-02-16 03:45:17,381 - texts_annotation - INFO - annotation_repo.py:78 - Saved 1 annotations for text#1 by test_user
2026-02-16 03:45:17,382 - texts_annotation - INFO - text_repo.py:68 - Created text#2 with 0 candidates
2026-02-16 03:45:17,382 - texts_annotation - INFO - annotation_repo.py:78 - Saved 1 annotations for text#2 by test_user
2026-02-16 03:45:17,383 - texts_annotation - INFO - text_repo.py:68 - Created text#3 with 0 candidates
2026-02-16 03:45:17,383 - texts_annotation - INFO - annotation_repo.py:78 - Saved 1 annotations for text#3 by test_user
2026-02-16 03:45:17,384 - texts_annotation - INFO - text_repo.py:68 - Created text#4 with 0 candidates
2026-02-16 03:45:17,384 - texts_annotation - INFO - text_repo.py:68 - Created text#5 with 0 candidates
2026-02-16 03:45:17,385 - texts_annotation - INFO - database.py:133 - Initializing database: /var/folders/8q/t1qfs5kn6vzf8hxfd_pp7yv80000gn/T/tmpaz8sgx5o.db
2026-02-16 03:45:17,387 - texts_annotation - INFO - database.py:238 - Creating performance indexes
2026-02-16 03:45:17,389 - texts_annotation - INFO - database.py:250 - Initializing default model version
2026-02-16 03:45:17,390 - texts_annotation - INFO - database.py:262 - Database initialized successfully
2026-02-16 03:45:17,392 - texts_annotation - INFO - database.py:133 - Initializing database: /var/folders/8q/t1qfs5kn6vzf8hxfd_pp7yv80000gn/T/tmph0kh6qh4.db
2026-02-16 03:45:17,394 - texts_annotation - INFO - database.py:238 - Creating performance indexes
2026-02-16 03:45:17,396 - texts_annotation - INFO - database.py:250 - Initializing default model version
2026-02-16 03:45:17,397 - texts_annotation - INFO - database.py:262 - Database initialized successfully
2026-02-16 03:45:17,399 - texts_annotation - INFO - database.py:133 - Initializing database: /var/folders/8q/t1qfs5kn6vzf8hxfd_pp7yv80000gn/T/tmpy_ly8ac3.db
2026-02-16 03:45:17,402 - texts_annotation - INFO - database.py:238 - Creating performance indexes
2026-02-16 03:45:17,403 - texts_annotation - INFO - database.py:250 - Initializing default model version
2026-02-16 03:45:17,404 - texts_annotation - INFO - database.py:262 - Database initialized successfully
2026-02-16 03:45:17,407 - texts_annotation - INFO - database.py:133 - Initializing database: /var/folders/8q/t1qfs5kn6vzf8hxfd_pp7yv80000gn/T/tmp5kz3704p.db
2026-02-16 03:45:17,409 - texts_annotation - INFO - database.py:238 - Creating performance indexes
2026-02-16 03:45:17,412 - texts_annotation - INFO - database.py:250 - Initializing default model version
2026-02-16 03:45:17,413 - texts_annotation - INFO - database.py:262 - Database initialized successfully
2026-02-16 03:45:17,413 - texts_annotation - INFO - intent_repo.py:52 - Loading intents from file: /var/folders/8q/t1qfs5kn6vzf8hxfd_pp7yv80000gn/T/tmpy3shzv7o.yaml
2026-02-16 03:45:17,414 - texts_annotation - INFO - yaml_loader.py:23 - Loaded YAML file: /var/folders/8q/t1qfs5kn6vzf8hxfd_pp7yv80000gn/T/tmpy3shzv7o.yaml
2026-02-16 03:45:17,414 - texts_annotation - INFO - intent_repo.py:68 - Loaded 2 intents
2026-02-16 03:45:17,415 - texts_annotation - INFO - database.py:133 - Initializing database: /var/folders/8q/t1qfs5kn6vzf8hxfd_pp7yv80000gn/T/tmpbm3d75yv.db
2026-02-16 03:45:17,417 - texts_annotation - INFO - database.py:238 - Creating performance indexes
2026-02-16 03:45:17,419 - texts_annotation - INFO - database.py:250 - Initializing default model version
2026-02-16 03:45:17,419 - texts_annotation - INFO - database.py:262 - Database initialized successfully
2026-02-16 03:45:17,420 - texts_annotation - INFO - text_repo.py:68 - Created text#1 with 0 candidates
2026-02-16 03:45:17,421 - texts_annotation - INFO - database.py:133 - Initializing database: /var/folders/8q/t1qfs5kn6vzf8hxfd_pp7yv80000gn/T/tmpokpkzqv1.db
2026-02-16 03:45:17,423 - texts_annotation - INFO - database.py:238 - Creating performance indexes
2026-02-16 03:45:17,425 - texts_annotation - INFO - database.py:250 - Initializing default model version
2026-02-16 03:45:17,425 - texts_annotation - INFO - database.py:262 - Database initialized successfully
2026-02-16 03:45:17,426 - texts_annotation - INFO - text_repo.py:68 - Created text#1 with 0 candidates
2026-02-16 03:45:17,426 - texts_annotation - INFO - text_repo.py:68 - Created text#2 with 0 candidates
2026-02-16 03:45:17,427 - texts_annotation - INFO - database.py:133 - Initializing database: /var/folders/8q/t1qfs5kn6vzf8hxfd_pp7yv80000gn/T/tmp0r1m2g4m.db
2026-02-16 03:45:17,430 - texts_annotation - INFO - database.py:238 - Creating performance indexes
2026-02-16 03:45:17,432 - texts_annotation - INFO - database.py:250 - Initializing default model version
2026-02-16 03:45:17,432 - texts_annotation - INFO - database.py:262 - Database initialized successfully
2026-02-16 03:45:17,433 - texts_annotation - INFO - text_repo.py:68 - Created text#1 with 0 candidates
2026-02-16 03:45:17,434 - texts_annotation - INFO - text_repo.py:68 - Created text#2 with 0 candidates
2026-02-16 03:45:17,435 - texts_annotation - INFO - database.py:133 - Initializing database: /var/folders/8q/t1qfs5kn6vzf8hxfd_pp7yv80000gn/T/tmp632qz_lj.db
2026-02-16 03:45:17,437 - texts_annotation - INFO - database.py:238 - Creating performance indexes
2026-02-16 03:45:17,440 - texts_annotation - INFO - database.py:250 - Initializing default model version
2026-02-16 03:45:17,440 - texts_annotation - INFO - database.py:262 - Database initialized successfully
2026-02-16 03:45:17,441 - texts_annotation - INFO - database.py:133 - Initializing database: /var/folders/8q/t1qfs5kn6vzf8hxfd_pp7yv80000gn/T/tmp5rki0t8o.db
2026-02-16 03:45:17,444 - texts_annotation - INFO - database.py:238 - Creating performance indexes
2026-02-16 03:45:17,446 - texts_annotation - INFO - database.py:250 - Initializing default model version
2026-02-16 03:45:17,446 - texts_annotation - INFO - database.py:262 - Database initialized successfully
2026-02-16 03:45:17,446 - texts_annotation - INFO - text_repo.py:68 - Created text#1 with 0 candidates
2026-02-16 03:45:17,447 - texts_annotation - INFO - annotation_repo.py:78 - Saved 1 annotations for text#1 by user1
2026-02-16 03:45:17,448 - texts_annotation - INFO - database.py:133 - Initializing database: /var/folders/8q/t1qfs5kn6vzf8hxfd_pp7yv80000gn/T/tmpyeez8_pv.db
2026-02-16 03:45:17,450 - texts_annotation - INFO - database.py:238 - Creating performance indexes
2026-02-16 03:45:17,452 - texts_annotation - INFO - database.py:250 - Initializing default model version
2026-02-16 03:45:17,452 - texts_annotation - INFO - database.py:262 - Database initialized successfully
2026-02-16 03:45:17,453 - texts_annotation - INFO - text_repo.py:68 - Created text#1 with 2 candidates
2026-02-16 03:45:17,454 - texts_annotation - INFO - database.py:133 - Initializing database: /var/folders/8q/t1qfs5kn6vzf8hxfd_pp7yv80000gn/T/tmpievqwzjl.db
2026-02-16 03:45:17,456 - texts_annotation - INFO - database.py:238 - Creating performance indexes
2026-02-16 03:45:17,458 - texts_annotation - INFO - database.py:250 - Initializing default model version
2026-02-16 03:45:17,459 - texts_annotation - INFO - database.py:262 - Database initialized successfully
2026-02-16 03:45:17,460 - texts_annotation - INFO - database.py:133 - Initializing database: /var/folders/8q/t1qfs5kn6vzf8hxfd_pp7yv80000gn/T/tmpbitl1xxh.db
2026-02-16 03:45:17,462 - texts_annotation - INFO - database.py:238 - Creating performance indexes
2026-02-16 03:45:17,464 - texts_annotation - INFO - database.py:250 - Initializing default model version
2026-02-16 03:45:17,465 - texts_annotation - INFO - database.py:262 - Database initialized successfully
2026-02-16 03:45:17,465 - texts_annotation - INFO - text_repo.py:68 - Created text#1 with 0 candidates
2026-02-16 03:45:17,466 - texts_annotation - INFO - annotation_repo.py:78 - Saved 2 annotations for text#1 by user1
2026-02-16 03:45:17,466 - texts_annotation - INFO - annotation_service.py:100 - Saved 2 annotations for text#1
2026-02-16 03:45:17,467 - texts_annotation - INFO - database.py:133 - Initializing database: /var/folders/8q/t1qfs5kn6vzf8hxfd_pp7yv80000gn/T/tmp7_t9vs1x.db
2026-02-16 03:45:17,469 - texts_annotation - INFO - database.py:238 - Creating performance indexes
2026-02-16 03:45:17,471 - texts_annotation - INFO - database.py:250 - Initializing default model version
2026-02-16 03:45:17,472 - texts_annotation - INFO - database.py:262 - Database initialized successfully
2026-02-16 03:45:17,472 - texts_annotation - INFO - text_repo.py:68 - Created text#1 with 0 candidates
2026-02-16 03:45:17,473 - texts_annotation - INFO - annotation_repo.py:78 - Saved 2 annotations for text#1 by user1
2026-02-16 03:45:17,473 - texts_annotation - INFO - annotation_service.py:100 - Saved 2 annotations for text#1
2026-02-16 03:45:17,473 - texts_annotation - INFO - database.py:133 - Initializing database: /var/folders/8q/t1qfs5kn6vzf8hxfd_pp7yv80000gn/T/tmplr4cpuzc.db
2026-02-16 03:45:17,476 - texts_annotation - INFO - database.py:238 - Creating performance indexes
2026-02-16 03:45:17,478 - texts_annotation - INFO - database.py:250 - Initializing default model version
2026-02-16 03:45:17,478 - texts_annotation - INFO - database.py:262 - Database initialized successfully
2026-02-16 03:45:17,478 - texts_annotation - INFO - text_repo.py:68 - Created text#1 with 0 candidates
2026-02-16 03:45:17,479 - texts_annotation - INFO - annotation_repo.py:96 - Text#1 skipped by user1
2026-02-16 03:45:17,480 - texts_annotation - INFO - database.py:133 - Initializing database: /var/folders/8q/t1qfs5kn6vzf8hxfd_pp7yv80000gn/T/tmpyo9bm5hm.db
2026-02-16 03:45:17,483 - texts_annotation - INFO - database.py:238 - Creating performance indexes
2026-02-16 03:45:17,484 - texts_annotation - INFO - database.py:250 - Initializing default model version
2026-02-16 03:45:17,485 - texts_annotation - INFO - database.py:262 - Database initialized successfully
2026-02-16 03:45:17,485 - texts_annotation - INFO - text_repo.py:68 - Created text#1 with 0 candidates
2026-02-16 03:45:17,486 - texts_annotation - INFO - annotation_repo.py:96 - Text#1 skipped by user1
2026-02-16 03:45:17,486 - texts_annotation - INFO - annotation_repo.py:111 - Text#1 unskipped by user1
2026-02-16 03:45:17,487 - texts_annotation - INFO - database.py:133 - Initializing database: /var/folders/8q/t1qfs5kn6vzf8hxfd_pp7yv80000gn/T/tmpq9hzn92z.db
2026-02-16 03:45:17,490 - texts_annotation - INFO - database.py:238 - Creating performance indexes
2026-02-16 03:45:17,492 - texts_annotation - INFO - database.py:250 - Initializing default model version
2026-02-16 03:45:17,492 - texts_annotation - INFO - database.py:262 - Database initialized successfully
2026-02-16 03:45:17,493 - texts_annotation - INFO - database.py:133 - Initializing database: /var/folders/8q/t1qfs5kn6vzf8hxfd_pp7yv80000gn/T/tmpgk2158tt.db
2026-02-16 03:45:17,495 - texts_annotation - INFO - database.py:238 - Creating performance indexes
2026-02-16 03:45:17,497 - texts_annotation - INFO - database.py:250 - Initializing default model version
2026-02-16 03:45:17,497 - texts_annotation - INFO - database.py:262 - Database initialized successfully
2026-02-16 03:45:17,498 - texts_annotation - INFO - text_repo.py:68 - Created text#1 with 0 candidates
2026-02-16 03:45:17,498 - texts_annotation - INFO - text_repo.py:68 - Created text#2 with 0 candidates
2026-02-16 03:45:17,499 - texts_annotation - INFO - text_repo.py:68 - Created text#3 with 0 candidates
2026-02-16 03:45:17,499 - texts_annotation - INFO - text_repo.py:68 - Created text#4 with 0 candidates
2026-02-16 03:45:17,500 - texts_annotation - INFO - text_repo.py:68 - Created text#5 with 0 candidates
2026-02-16 03:45:17,500 - texts_annotation - INFO - annotation_repo.py:78 - Saved 1 annotations for text#1 by user1
2026-02-16 03:45:17,501 - texts_annotation - INFO - annotation_repo.py:78 - Saved 1 annotations for text#2 by user1
2026-02-16 03:45:17,501 - texts_annotation - INFO - annotation_repo.py:78 - Saved 1 annotations for text#3 by user1
2026-02-16 03:45:17,504 - texts_annotation - INFO - yaml_loader.py:23 - Loaded YAML file: /var/folders/8q/t1qfs5kn6vzf8hxfd_pp7yv80000gn/T/tmpkv2j10z0.yaml
2026-02-16 03:45:17,504 - texts_annotation - INFO - auth_service.py:42 - Loaded 2 annotators
2026-02-16 03:45:17,505 - texts_annotation - INFO - yaml_loader.py:23 - Loaded YAML file: /var/folders/8q/t1qfs5kn6vzf8hxfd_pp7yv80000gn/T/tmpszm1hzfa.yaml
2026-02-16 03:45:17,505 - texts_annotation - WARNING - auth_service.py:35 - Converted legacy 'languge' to 'language' for user1
2026-02-16 03:45:17,505 - texts_annotation - INFO - auth_service.py:42 - Loaded 1 annotators
2026-02-16 03:45:17,506 - texts_annotation - INFO - yaml_loader.py:23 - Loaded YAML file: /var/folders/8q/t1qfs5kn6vzf8hxfd_pp7yv80000gn/T/tmpu9o55ts9.yaml
2026-02-16 03:45:17,506 - texts_annotation - INFO - auth_service.py:42 - Loaded 1 annotators
2026-02-16 03:45:17,507 - texts_annotation - INFO - auth_service.py:60 - Annotator authenticated: test_user
2026-02-16 03:45:17,508 - texts_annotation - INFO - yaml_loader.py:23 - Loaded YAML file: /var/folders/8q/t1qfs5kn6vzf8hxfd_pp7yv80000gn/T/tmpggsq7f7c.yaml
2026-02-16 03:45:17,508 - texts_annotation - INFO - auth_service.py:42 - Loaded 1 annotators
2026-02-16 03:45:17,508 - texts_annotation - WARNING - auth_service.py:63 - Authentication failed for: test_user
2026-02-16 03:45:17,509 - texts_annotation - INFO - yaml_loader.py:23 - Loaded YAML file: /var/folders/8q/t1qfs5kn6vzf8hxfd_pp7yv80000gn/T/tmp5dzij9py.yaml
2026-02-16 03:45:17,509 - texts_annotation - INFO - auth_service.py:42 - Loaded 0 annotators
2026-02-16 03:45:17,509 - texts_annotation - WARNING - auth_service.py:63 - Authentication failed for: nonexistent
2026-02-16 03:45:17,510 - texts_annotation - INFO - yaml_loader.py:23 - Loaded YAML file: /var/folders/8q/t1qfs5kn6vzf8hxfd_pp7yv80000gn/T/tmp8feb6o6j.yaml
2026-02-16 03:45:17,510 - texts_annotation - INFO - auth_service.py:42 - Loaded 1 annotators
2026-02-16 03:45:17,511 - texts_annotation - INFO - database.py:133 - Initializing database: /var/folders/8q/t1qfs5kn6vzf8hxfd_pp7yv80000gn/T/tmpne9ojwkk.db
2026-02-16 03:45:17,514 - texts_annotation - INFO - database.py:238 - Creating performance indexes
2026-02-16 03:45:17,516 - texts_annotation - INFO - database.py:250 - Initializing default model version
2026-02-16 03:45:17,516 - texts_annotation - INFO - database.py:262 - Database initialized successfully
2026-02-16 03:45:17,517 - texts_annotation - INFO - text_repo.py:68 - Created text#1 with 3 candidates
2026-02-16 03:45:17,518 - texts_annotation - INFO - text_repo.py:68 - Created text#2 with 3 candidates
2026-02-16 03:45:17,518 - texts_annotation - INFO - import_service.py:82 - Imported 2 texts from /var/folders/8q/t1qfs5kn6vzf8hxfd_pp7yv80000gn/T/tmpmug99wyo.csv
2026-02-16 03:45:17,519 - texts_annotation - INFO - database.py:133 - Initializing database: /var/folders/8q/t1qfs5kn6vzf8hxfd_pp7yv80000gn/T/tmp80rhlotb.db
2026-02-16 03:45:17,522 - texts_annotation - INFO - database.py:238 - Creating performance indexes
2026-02-16 03:45:17,524 - texts_annotation - INFO - database.py:250 - Initializing default model version
2026-02-16 03:45:17,525 - texts_annotation - INFO - database.py:262 - Database initialized successfully
2026-02-16 03:45:17,525 - texts_annotation - INFO - text_repo.py:68 - Created text#1 with 0 candidates
2026-02-16 03:45:17,527 - texts_annotation - INFO - text_repo.py:68 - Created text#2 with 3 candidates
2026-02-16 03:45:17,527 - texts_annotation - INFO - import_service.py:82 - Imported 1 texts from /var/folders/8q/t1qfs5kn6vzf8hxfd_pp7yv80000gn/T/tmph7b5uwnu.csv
2026-02-16 03:45:17,527 - texts_annotation - INFO - database.py:133 - Initializing database: /var/folders/8q/t1qfs5kn6vzf8hxfd_pp7yv80000gn/T/tmpwz_wnglk.db
2026-02-16 03:45:17,530 - texts_annotation - INFO - database.py:238 - Creating performance indexes
2026-02-16 03:45:17,532 - texts_annotation - INFO - database.py:250 - Initializing default model version
2026-02-16 03:45:17,533 - texts_annotation - INFO - database.py:262 - Database initialized successfully
2026-02-16 03:45:17,533 - texts_annotation - WARNING - import_service.py:45 - CSV file not found: /nonexistent/file.csv
2026-02-16 03:45:17,534 - texts_annotation - INFO - database.py:133 - Initializing database: /var/folders/8q/t1qfs5kn6vzf8hxfd_pp7yv80000gn/T/tmp92fnf0ro.db
2026-02-16 03:45:17,536 - texts_annotation - INFO - database.py:238 - Creating performance indexes
2026-02-16 03:45:17,538 - texts_annotation - INFO - database.py:250 - Initializing default model version
2026-02-16 03:45:17,539 - texts_annotation - INFO - database.py:262 - Database initialized successfully
2026-02-16 03:45:17,539 - texts_annotation - INFO - import_service.py:82 - Imported 0 texts from /var/folders/8q/t1qfs5kn6vzf8hxfd_pp7yv80000gn/T/tmpdgvbyhk0.csv
2026-02-16 03:45:17,540 - texts_annotation - INFO - database.py:133 - Initializing database: /var/folders/8q/t1qfs5kn6vzf8hxfd_pp7yv80000gn/T/tmpc4z9mx8w.db
2026-02-16 03:45:17,542 - texts_annotation - INFO - database.py:238 - Creating performance indexes
2026-02-16 03:45:17,544 - texts_annotation - INFO - database.py:250 - Initializing default model version
2026-02-16 03:45:17,545 - texts_annotation - INFO - database.py:262 - Database initialized successfully
2026-02-16 03:45:17,546 - texts_annotation - INFO - text_repo.py:68 - Created text#1 with 3 candidates
2026-02-16 03:45:17,546 - texts_annotation - INFO - import_service.py:82 - Imported 1 texts from /var/folders/8q/t1qfs5kn6vzf8hxfd_pp7yv80000gn/T/tmpx4vt2byz.csv
2026-02-16 03:45:17,547 - texts_annotation - INFO - database.py:133 - Initializing database: /var/folders/8q/t1qfs5kn6vzf8hxfd_pp7yv80000gn/T/tmpaje468ws.db
2026-02-16 03:45:17,550 - texts_annotation - INFO - database.py:238 - Creating performance indexes
2026-02-16 03:45:17,552 - texts_annotation - INFO - database.py:250 - Initializing default model version
2026-02-16 03:45:17,552 - texts_annotation - INFO - database.py:262 - Database initialized successfully
2026-02-16 03:45:17,553 - texts_annotation - INFO - text_repo.py:68 - Created text#1 with 3 candidates
2026-02-16 03:45:17,554 - texts_annotation - INFO - text_repo.py:68 - Created text#2 with 3 candidates
2026-02-16 03:45:17,554 - texts_annotation - INFO - import_service.py:82 - Imported 2 texts from /var/folders/8q/t1qfs5kn6vzf8hxfd_pp7yv80000gn/T/tmpo2anzbs3.csv
2026-02-16 03:45:17,555 - texts_annotation - INFO - database.py:133 - Initializing database: /var/folders/8q/t1qfs5kn6vzf8hxfd_pp7yv80000gn/T/tmpk6wx0ukr.db
2026-02-16 03:45:17,558 - texts_annotation - INFO - database.py:238 - Creating performance indexes
2026-02-16 03:45:17,559 - texts_annotation - INFO - database.py:250 - Initializing default model version
2026-02-16 03:45:17,560 - texts_annotation - INFO - database.py:262 - Database initialized successfully
2026-02-16 03:45:17,561 - texts_annotation - INFO - text_repo.py:68 - Created text#1 with 3 candidates
2026-02-16 03:45:17,561 - texts_annotation - INFO - import_service.py:82 - Imported 1 texts from /var/folders/8q/t1qfs5kn6vzf8hxfd_pp7yv80000gn/T/tmplykhppo8.csv
2026-02-16 03:45:17,562 - texts_annotation - INFO - database.py:133 - Initializing database: /var/folders/8q/t1qfs5kn6vzf8hxfd_pp7yv80000gn/T/tmpsjt6jcw3.db
2026-02-16 03:45:17,564 - texts_annotation - INFO - database.py:238 - Creating performance indexes
2026-02-16 03:45:17,566 - texts_annotation - INFO - database.py:250 - Initializing default model version
2026-02-16 03:45:17,566 - texts_annotation - INFO - database.py:262 - Database initialized successfully
2026-02-16 03:45:17,567 - texts_annotation - INFO - text_repo.py:68 - Created text#1 with 3 candidates
2026-02-16 03:45:17,567 - texts_annotation - INFO - import_service.py:82 - Imported 1 texts from /var/folders/8q/t1qfs5kn6vzf8hxfd_pp7yv80000gn/T/tmpcv2qzt3j.csv
2026-02-16 03:45:17,568 - texts_annotation - INFO - database.py:133 - Initializing database: /var/folders/8q/t1qfs5kn6vzf8hxfd_pp7yv80000gn/T/tmp02riqi_x.db
2026-02-16 03:45:17,571 - texts_annotation - INFO - database.py:238 - Creating performance indexes
2026-02-16 03:45:17,573 - texts_annotation - INFO - database.py:250 - Initializing default model version
2026-02-16 03:45:17,573 - texts_annotation - INFO - database.py:262 - Database initialized successfully
2026-02-16 03:45:17,574 - texts_annotation - INFO - text_repo.py:68 - Created text#1 with 3 candidates
2026-02-16 03:45:17,574 - texts_annotation - INFO - import_service.py:82 - Imported 1 texts from /var/folders/8q/t1qfs5kn6vzf8hxfd_pp7yv80000gn/T/tmpoan9iap1.csv
2026-02-16 03:45:17,575 - texts_annotation - INFO - database.py:133 - Initializing database: /var/folders/8q/t1qfs5kn6vzf8hxfd_pp7yv80000gn/T/tmpi1bj5y23.db
2026-02-16 03:45:17,578 - texts_annotation - INFO - database.py:238 - Creating performance indexes
2026-02-16 03:45:17,580 - texts_annotation - INFO - database.py:250 - Initializing default model version
2026-02-16 03:45:17,580 - texts_annotation - INFO - database.py:262 - Database initialized successfully
2026-02-16 03:45:17,581 - texts_annotation - INFO - text_repo.py:68 - Created text#1 with 1 candidates
2026-02-16 03:45:17,582 - texts_annotation - INFO - text_repo.py:68 - Created text#2 with 1 candidates
2026-02-16 03:45:17,582 - texts_annotation - INFO - import_service.py:82 - Imported 2 texts from /var/folders/8q/t1qfs5kn6vzf8hxfd_pp7yv80000gn/T/tmp6fmt8a9a.csv
2026-02-16 03:45:17,583 - texts_annotation - INFO - database.py:133 - Initializing database: /var/folders/8q/t1qfs5kn6vzf8hxfd_pp7yv80000gn/T/tmplagyqoo_.db
2026-02-16 03:45:17,586 - texts_annotation - INFO - database.py:238 - Creating performance indexes
2026-02-16 03:45:17,588 - texts_annotation - INFO - database.py:250 - Initializing default model version
2026-02-16 03:45:17,588 - texts_annotation - INFO - database.py:262 - Database initialized successfully
2026-02-16 03:45:17,590 - texts_annotation - INFO - text_repo.py:68 - Created text#1 with 1 candidates
2026-02-16 03:45:17,590 - texts_annotation - INFO - import_service.py:82 - Imported 1 texts from /var/folders/8q/t1qfs5kn6vzf8hxfd_pp7yv80000gn/T/tmp1mj8btae.csv
2026-02-16 03:45:17,590 - texts_annotation - INFO - database.py:133 - Initializing database: /var/folders/8q/t1qfs5kn6vzf8hxfd_pp7yv80000gn/T/tmph0t9eok7.db
2026-02-16 03:45:17,593 - texts_annotation - INFO - database.py:238 - Creating performance indexes
2026-02-16 03:45:17,596 - texts_annotation - INFO - database.py:250 - Initializing default model version
2026-02-16 03:45:17,596 - texts_annotation - INFO - database.py:262 - Database initialized successfully
2026-02-16 03:45:17,597 - texts_annotation - INFO - text_repo.py:68 - Created text#1 with 1 candidates
2026-02-16 03:45:17,597 - texts_annotation - INFO - import_service.py:82 - Imported 1 texts from /var/folders/8q/t1qfs5kn6vzf8hxfd_pp7yv80000gn/T/tmpa_ss3b9v.csv
2026-02-16 03:45:17,598 - texts_annotation - INFO - database.py:133 - Initializing database: /var/folders/8q/t1qfs5kn6vzf8hxfd_pp7yv80000gn/T/tmp6iyb6shr.db
2026-02-16 03:45:17,601 - texts_annotation - INFO - database.py:238 - Creating performance indexes
2026-02-16 03:45:17,603 - texts_annotation - INFO - database.py:250 - Initializing default model version
2026-02-16 03:45:17,603 - texts_annotation - INFO - database.py:262 - Database initialized successfully
2026-02-16 03:45:17,604 - texts_annotation - INFO - database.py:133 - Initializing database: /var/folders/8q/t1qfs5kn6vzf8hxfd_pp7yv80000gn/T/tmpc8gpx0xx.db
2026-02-16 03:45:17,607 - texts_annotation - INFO - database.py:238 - Creating performance indexes
2026-02-16 03:45:17,609 - texts_annotation - INFO - database.py:250 - Initializing default model version
2026-02-16 03:45:17,609 - texts_annotation - INFO - database.py:262 - Database initialized successfully
2026-02-16 03:45:17,609 - texts_annotation - INFO - text_repo.py:68 - Created text#1 with 0 candidates
2026-02-16 03:45:17,610 - texts_annotation - INFO - text_repo.py:68 - Created text#2 with 0 candidates
2026-02-16 03:45:17,610 - texts_annotation - INFO - text_repo.py:68 - Created text#3 with 0 candidates
2026-02-16 03:45:17,611 - texts_annotation - INFO - annotation_repo.py:78 - Saved 2 annotations for text#1 by user1
2026-02-16 03:45:17,611 - texts_annotation - INFO - annotation_repo.py:78 - Saved 2 annotations for text#2 by user1
2026-02-16 03:45:17,613 - texts_annotation - INFO - database.py:133 - Initializing database: /var/folders/8q/t1qfs5kn6vzf8hxfd_pp7yv80000gn/T/tmp3t07qgll.db
2026-02-16 03:45:17,615 - texts_annotation - INFO - database.py:238 - Creating performance indexes
2026-02-16 03:45:17,617 - texts_annotation - INFO - database.py:250 - Initializing default model version
2026-02-16 03:45:17,618 - texts_annotation - INFO - database.py:262 - Database initialized successfully
2026-02-16 03:45:17,619 - texts_annotation - INFO - database.py:133 - Initializing database: /var/folders/8q/t1qfs5kn6vzf8hxfd_pp7yv80000gn/T/tmpmpa_9c0n.db
2026-02-16 03:45:17,622 - texts_annotation - INFO - database.py:238 - Creating performance indexes
2026-02-16 03:45:17,624 - texts_annotation - INFO - database.py:250 - Initializing default model version
2026-02-16 03:45:17,624 - texts_annotation - INFO - database.py:262 - Database initialized successfully
2026-02-16 03:45:17,625 - texts_annotation - INFO - text_repo.py:68 - Created text#1 with 0 candidates
2026-02-16 03:45:17,625 - texts_annotation - INFO - annotation_repo.py:78 - Saved 3 annotations for text#1 by user1
2026-02-16 03:45:17,626 - texts_annotation - INFO - database.py:133 - Initializing database: /var/folders/8q/t1qfs5kn6vzf8hxfd_pp7yv80000gn/T/tmpczksieqb.db
2026-02-16 03:45:17,629 - texts_annotation - INFO - database.py:238 - Creating performance indexes
2026-02-16 03:45:17,630 - texts_annotation - INFO - database.py:250 - Initializing default model version
2026-02-16 03:45:17,631 - texts_annotation - INFO - database.py:262 - Database initialized successfully
2026-02-16 03:45:17,631 - texts_annotation - INFO - text_repo.py:68 - Created text#1 with 0 candidates
2026-02-16 03:45:17,632 - texts_annotation - INFO - annotation_repo.py:78 - Saved 1 annotations for text#1 by user1
2026-02-16 03:45:17,632 - texts_annotation - INFO - annotation_repo.py:78 - Saved 2 annotations for text#1 by user2
2026-02-16 03:45:17,634 - texts_annotation - INFO - database.py:133 - Initializing database: /var/folders/8q/t1qfs5kn6vzf8hxfd_pp7yv80000gn/T/tmpjpgpwi5w.db
2026-02-16 03:45:17,636 - texts_annotation - INFO - database.py:238 - Creating performance indexes
2026-02-16 03:45:17,638 - texts_annotation - INFO - database.py:250 - Initializing default model version
2026-02-16 03:45:17,638 - texts_annotation - INFO - database.py:262 - Database initialized successfully
2026-02-16 03:45:17,640 - texts_annotation - INFO - database.py:133 - Initializing database: /var/folders/8q/t1qfs5kn6vzf8hxfd_pp7yv80000gn/T/tmpcrxi1caq.db
2026-02-16 03:45:17,642 - texts_annotation - INFO - database.py:238 - Creating performance indexes
2026-02-16 03:45:17,644 - texts_annotation - INFO - database.py:250 - Initializing default model version
2026-02-16 03:45:17,644 - texts_annotation - INFO - database.py:262 - Database initialized successfully
2026-02-16 03:45:17,647 - texts_annotation - INFO - database.py:133 - Initializing database: /var/folders/8q/t1qfs5kn6vzf8hxfd_pp7yv80000gn/T/tmpaqmn96kx.db
2026-02-16 03:45:17,649 - texts_annotation - INFO - database.py:238 - Creating performance indexes
2026-02-16 03:45:17,651 - texts_annotation - INFO - database.py:250 - Initializing default model version
2026-02-16 03:45:17,652 - texts_annotation - INFO - database.py:262 - Database initialized successfully
2026-02-16 03:45:17,653 - texts_annotation - INFO - database.py:133 - Initializing database: /var/folders/8q/t1qfs5kn6vzf8hxfd_pp7yv80000gn/T/tmpmbl6bcst.db
2026-02-16 03:45:17,656 - texts_annotation - INFO - database.py:238 - Creating performance indexes
2026-02-16 03:45:17,657 - texts_annotation - INFO - database.py:250 - Initializing default model version
2026-02-16 03:45:17,658 - texts_annotation - INFO - database.py:262 - Database initialized successfully
2026-02-16 03:45:17,658 - texts_annotation - INFO - text_repo.py:68 - Created text#1 with 0 candidates
2026-02-16 03:45:17,659 - texts_annotation - INFO - text_repo.py:68 - Created text#2 with 0 candidates
2026-02-16 03:45:17,660 - texts_annotation - INFO - text_repo.py:68 - Created text#3 with 0 candidates
2026-02-16 03:45:17,660 - texts_annotation - INFO - text_repo.py:68 - Created text#4 with 0 candidates
2026-02-16 03:45:17,660 - texts_annotation - INFO - text_repo.py:68 - Created text#5 with 0 candidates
2026-02-16 03:45:17,661 - texts_annotation - INFO - annotation_repo.py:78 - Saved 1 annotations for text#1 by user1
2026-02-16 03:45:17,661 - texts_annotation - INFO - annotation_repo.py:78 - Saved 1 annotations for text#2 by user1
2026-02-16 03:45:17,662 - texts_annotation - INFO - annotation_repo.py:78 - Saved 1 annotations for text#4 by user1
2026-02-16 03:45:17,662 - texts_annotation - INFO - annotation_repo.py:78 - Saved 1 annotations for text#5 by user1
2026-02-16 03:45:17,664 - texts_annotation - INFO - database.py:133 - Initializing database: /var/folders/8q/t1qfs5kn6vzf8hxfd_pp7yv80000gn/T/tmps9o1angs.db
2026-02-16 03:45:17,667 - texts_annotation - INFO - database.py:238 - Creating performance indexes
2026-02-16 03:45:17,669 - texts_annotation - INFO - database.py:250 - Initializing default model version
2026-02-16 03:45:17,670 - texts_annotation - INFO - database.py:262 - Database initialized successfully
2026-02-16 03:45:17,671 - texts_annotation - INFO - database.py:133 - Initializing database: /var/folders/8q/t1qfs5kn6vzf8hxfd_pp7yv80000gn/T/tmpoyqfyubb.db
2026-02-16 03:45:17,674 - texts_annotation - INFO - database.py:238 - Creating performance indexes
2026-02-16 03:45:17,675 - texts_annotation - INFO - database.py:250 - Initializing default model version
2026-02-16 03:45:17,676 - texts_annotation - INFO - database.py:262 - Database initialized successfully
2026-02-16 03:45:17,676 - texts_annotation - INFO - text_repo.py:68 - Created text#1 with 0 candidates
2026-02-16 03:45:17,677 - texts_annotation - INFO - annotation_repo.py:78 - Saved 1 annotations for text#1 by user1
2026-02-16 03:45:17,677 - texts_annotation - INFO - annotation_repo.py:78 - Saved 1 annotations for text#1 by user2
2026-02-16 03:45:17,679 - texts_annotation - INFO - database.py:133 - Initializing database: /var/folders/8q/t1qfs5kn6vzf8hxfd_pp7yv80000gn/T/tmpt6a6hpsg.db
2026-02-16 03:45:17,681 - texts_annotation - INFO - database.py:238 - Creating performance indexes
2026-02-16 03:45:17,683 - texts_annotation - INFO - database.py:250 - Initializing default model version
2026-02-16 03:45:17,683 - texts_annotation - INFO - database.py:262 - Database initialized successfully
2026-02-16 03:45:17,684 - texts_annotation - INFO - text_repo.py:68 - Created text#1 with 0 candidates
2026-02-16 03:45:17,684 - texts_annotation - INFO - annotation_repo.py:78 - Saved 1 annotations for text#1 by user1
2026-02-16 03:45:17,685 - texts_annotation - INFO - annotation_repo.py:78 - Saved 1 annotations for text#1 by user2
2026-02-16 03:45:17,686 - texts_annotation - INFO - database.py:133 - Initializing database: /var/folders/8q/t1qfs5kn6vzf8hxfd_pp7yv80000gn/T/tmpclveyi27.db
2026-02-16 03:45:17,689 - texts_annotation - INFO - database.py:238 - Creating performance indexes
2026-02-16 03:45:17,691 - texts_annotation - INFO - database.py:250 - Initializing default model version
2026-02-16 03:45:17,691 - texts_annotation - INFO - database.py:262 - Database initialized successfully
2026-02-16 03:45:17,696 - texts_annotation - INFO - stats_service.py:178 - Exported 0 annotations to /private/var/folders/8q/t1qfs5kn6vzf8hxfd_pp7yv80000gn/T/pytest-of-tolord/pytest-1/test_export_annotations_empty0/export.csv
2026-02-16 03:45:17,697 - texts_annotation - INFO - database.py:133 - Initializing database: /var/folders/8q/t1qfs5kn6vzf8hxfd_pp7yv80000gn/T/tmph7zwucp2.db
2026-02-16 03:45:17,699 - texts_annotation - INFO - database.py:238 - Creating performance indexes
2026-02-16 03:45:17,701 - texts_annotation - INFO - database.py:250 - Initializing default model version
2026-02-16 03:45:17,702 - texts_annotation - INFO - database.py:262 - Database initialized successfully
2026-02-16 03:45:17,702 - texts_annotation - INFO - text_repo.py:68 - Created text#1 with 0 candidates
2026-02-16 03:45:17,703 - texts_annotation - INFO - annotation_repo.py:78 - Saved 2 annotations for text#1 by user1
2026-02-16 03:45:17,704 - texts_annotation - INFO - stats_service.py:178 - Exported 2 annotations to /private/var/folders/8q/t1qfs5kn6vzf8hxfd_pp7yv80000gn/T/pytest-of-tolord/pytest-1/test_export_annotations_with_d0/export.csv
2026-02-16 03:48:32,429 - texts_annotation - INFO - stats_service.py:178 - Exported 0 annotations to exports/annotations_20260216_034832.csv
2026-02-16 04:08:18,924 - texts_annotation - INFO - intent_repo.py:29 - Loading intents from directory: data/intents
2026-02-16 04:08:19,005 - texts_annotation - INFO - yaml_loader.py:23 - Loaded YAML file: data/intents/card_products_rus.yaml
2026-02-16 04:08:19,112 - texts_annotation - INFO - yaml_loader.py:23 - Loaded YAML file: data/intents/credits_rus.yaml
2026-02-16 04:08:19,177 - texts_annotation - INFO - yaml_loader.py:23 - Loaded YAML file: data/intents/general_rus.yaml
2026-02-16 04:08:19,201 - texts_annotation - INFO - yaml_loader.py:23 - Loaded YAML file: data/intents/mobile_app_support_rus.yaml
2026-02-16 04:08:19,227 - texts_annotation - INFO - yaml_loader.py:23 - Loaded YAML file: data/intents/money_transfers_rus.yaml
2026-02-16 04:08:19,276 - texts_annotation - INFO - yaml_loader.py:23 - Loaded YAML file: data/intents/restrictions_rus.yaml
2026-02-16 04:08:19,302 - texts_annotation - INFO - yaml_loader.py:23 - Loaded YAML file: data/intents/social_rus.yaml
2026-02-16 04:08:19,302 - texts_annotation - INFO - intent_repo.py:68 - Loaded 120 intents
2026-02-16 04:08:19,304 - texts_annotation - INFO - text_repo.py:68 - Created text#1 with 5 candidates
2026-02-16 04:08:19,305 - texts_annotation - INFO - text_repo.py:68 - Created text#2 with 5 candidates
2026-02-16 04:08:19,305 - texts_annotation - INFO - text_repo.py:68 - Created text#3 with 5 candidates
2026-02-16 04:08:19,305 - texts_annotation - INFO - import_service.py:82 - Imported 3 texts from data/uploads/upload_20260216_040818.csv
2026-02-16 04:08:23,938 - texts_annotation - INFO - database.py:57 - Database already exists: data/db/app.db
2026-02-16 04:08:23,938 - texts_annotation - INFO - database.py:133 - Initializing database: data/db/app.db
2026-02-16 04:08:23,939 - texts_annotation - INFO - database.py:238 - Creating performance indexes
2026-02-16 04:08:23,940 - texts_annotation - INFO - database.py:262 - Database initialized successfully
2026-02-16 04:08:23,940 - texts_annotation - INFO - database.py:112 - Auto-dump started (interval: 60s)
2026-02-16 04:08:23,940 - texts_annotation - INFO - database.py:118 - Auto-dump thread started
2026-02-16 04:08:23,940 - texts_annotation - INFO - intent_repo.py:29 - Loading intents from directory: data/intents
2026-02-16 04:08:24,016 - texts_annotation - INFO - yaml_loader.py:23 - Loaded YAML file: data/intents/card_products_rus.yaml
2026-02-16 04:08:24,112 - texts_annotation - INFO - yaml_loader.py:23 - Loaded YAML file: data/intents/credits_rus.yaml
2026-02-16 04:08:24,174 - texts_annotation - INFO - yaml_loader.py:23 - Loaded YAML file: data/intents/general_rus.yaml
2026-02-16 04:08:24,198 - texts_annotation - INFO - yaml_loader.py:23 - Loaded YAML file: data/intents/mobile_app_support_rus.yaml
2026-02-16 04:08:24,221 - texts_annotation - INFO - yaml_loader.py:23 - Loaded YAML file: data/intents/money_transfers_rus.yaml
2026-02-16 04:08:24,269 - texts_annotation - INFO - yaml_loader.py:23 - Loaded YAML file: data/intents/restrictions_rus.yaml
2026-02-16 04:08:24,296 - texts_annotation - INFO - yaml_loader.py:23 - Loaded YAML file: data/intents/social_rus.yaml
2026-02-16 04:08:24,296 - texts_annotation - INFO - intent_repo.py:68 - Loaded 120 intents
2026-02-16 04:08:24,349 - texts_annotation - INFO - app.py:54 - Application initialized with 120 intents
2026-02-16 04:08:24,353 - texts_annotation - INFO - yaml_loader.py:23 - Loaded YAML file: data/annotators.yaml
2026-02-16 04:08:24,353 - texts_annotation - WARNING - auth_service.py:35 - Converted legacy 'languge' to 'language' for adina
2026-02-16 04:08:24,353 - texts_annotation - WARNING - auth_service.py:35 - Converted legacy 'languge' to 'language' for madina
2026-02-16 04:08:24,353 - texts_annotation - WARNING - auth_service.py:35 - Converted legacy 'languge' to 'language' for roma
2026-02-16 04:08:24,353 - texts_annotation - WARNING - auth_service.py:35 - Converted legacy 'languge' to 'language' for iskander
2026-02-16 04:08:24,353 - texts_annotation - INFO - auth_service.py:42 - Loaded 4 annotators
2026-02-16 04:08:34,729 - texts_annotation - INFO - yaml_loader.py:23 - Loaded YAML file: data/annotators.yaml
2026-02-16 04:08:34,729 - texts_annotation - WARNING - auth_service.py:35 - Converted legacy 'languge' to 'language' for adina
2026-02-16 04:08:34,730 - texts_annotation - WARNING - auth_service.py:35 - Converted legacy 'languge' to 'language' for madina
2026-02-16 04:08:34,730 - texts_annotation - WARNING - auth_service.py:35 - Converted legacy 'languge' to 'language' for roma
2026-02-16 04:08:34,731 - texts_annotation - WARNING - auth_service.py:35 - Converted legacy 'languge' to 'language' for iskander
2026-02-16 04:08:34,731 - texts_annotation - INFO - auth_service.py:42 - Loaded 4 annotators
2026-02-16 04:08:34,732 - texts_annotation - INFO - auth_service.py:60 - Annotator authenticated: adina
2026-02-16 04:09:55,925 - texts_annotation - INFO - yaml_loader.py:23 - Loaded YAML file: data/annotators.yaml
2026-02-16 04:09:55,925 - texts_annotation - WARNING - auth_service.py:35 - Converted legacy 'languge' to 'language' for adina
2026-02-16 04:09:55,925 - texts_annotation - WARNING - auth_service.py:35 - Converted legacy 'languge' to 'language' for madina
2026-02-16 04:09:55,925 - texts_annotation - WARNING - auth_service.py:35 - Converted legacy 'languge' to 'language' for roma
2026-02-16 04:09:55,925 - texts_annotation - WARNING - auth_service.py:35 - Converted legacy 'languge' to 'language' for iskander
2026-02-16 04:09:55,925 - texts_annotation - INFO - auth_service.py:42 - Loaded 4 annotators
2026-02-16 04:14:20,367 - texts_annotation - INFO - yaml_loader.py:23 - Loaded YAML file: data/annotators.yaml
2026-02-16 04:14:20,367 - texts_annotation - WARNING - auth_service.py:35 - Converted legacy 'languge' to 'language' for adina
2026-02-16 04:14:20,367 - texts_annotation - WARNING - auth_service.py:35 - Converted legacy 'languge' to 'language' for madina
2026-02-16 04:14:20,367 - texts_annotation - WARNING - auth_service.py:35 - Converted legacy 'languge' to 'language' for roma
2026-02-16 04:14:20,367 - texts_annotation - WARNING - auth_service.py:35 - Converted legacy 'languge' to 'language' for iskander
2026-02-16 04:14:20,368 - texts_annotation - INFO - auth_service.py:42 - Loaded 4 annotators
2026-02-16 04:24:21,443 - texts_annotation - INFO - database.py:57 - Database already exists: data/db/app.db
2026-02-16 04:24:21,444 - texts_annotation - INFO - database.py:133 - Initializing database: data/db/app.db
2026-02-16 04:24:21,449 - texts_annotation - INFO - database.py:238 - Creating performance indexes
2026-02-16 04:24:21,450 - texts_annotation - INFO - database.py:262 - Database initialized successfully
2026-02-16 04:24:21,450 - texts_annotation - INFO - database.py:112 - Auto-dump started (interval: 60s)
2026-02-16 04:24:21,450 - texts_annotation - INFO - database.py:118 - Auto-dump thread started
2026-02-16 04:24:21,450 - texts_annotation - INFO - intent_repo.py:29 - Loading intents from directory: data/intents
2026-02-16 04:24:21,487 - texts_annotation - INFO - yaml_loader.py:23 - Loaded YAML file: data/intents/card_products_rus.yaml
2026-02-16 04:24:21,545 - texts_annotation - INFO - yaml_loader.py:23 - Loaded YAML file: data/intents/credits_rus.yaml
2026-02-16 04:24:21,582 - texts_annotation - INFO - yaml_loader.py:23 - Loaded YAML file: data/intents/general_rus.yaml
2026-02-16 04:24:21,597 - texts_annotation - INFO - yaml_loader.py:23 - Loaded YAML file: data/intents/mobile_app_support_rus.yaml
2026-02-16 04:24:21,612 - texts_annotation - INFO - yaml_loader.py:23 - Loaded YAML file: data/intents/money_transfers_rus.yaml
2026-02-16 04:24:21,643 - texts_annotation - INFO - yaml_loader.py:23 - Loaded YAML file: data/intents/restrictions_rus.yaml
2026-02-16 04:24:21,660 - texts_annotation - INFO - yaml_loader.py:23 - Loaded YAML file: data/intents/social_rus.yaml
2026-02-16 04:24:21,660 - texts_annotation - INFO - intent_repo.py:68 - Loaded 120 intents
2026-02-16 04:24:21,733 - texts_annotation - INFO - app.py:54 - Application initialized with 120 intents
2026-02-16 04:24:21,737 - texts_annotation - INFO - yaml_loader.py:23 - Loaded YAML file: data/annotators.yaml
2026-02-16 04:24:21,743 - texts_annotation - INFO - auth_service.py:42 - Loaded 4 annotators
2026-02-16 04:30:11,369 - texts_annotation - INFO - intent_repo.py:29 - Loading intents from directory: data/intents
2026-02-16 04:30:11,434 - texts_annotation - INFO - yaml_loader.py:23 - Loaded YAML file: data/intents/card_products_rus.yaml
2026-02-16 04:30:11,497 - texts_annotation - INFO - yaml_loader.py:23 - Loaded YAML file: data/intents/credits_rus.yaml
2026-02-16 04:30:11,539 - texts_annotation - INFO - yaml_loader.py:23 - Loaded YAML file: data/intents/general_rus.yaml
2026-02-16 04:30:11,556 - texts_annotation - INFO - yaml_loader.py:23 - Loaded YAML file: data/intents/mobile_app_support_rus.yaml
2026-02-16 04:30:11,570 - texts_annotation - INFO - yaml_loader.py:23 - Loaded YAML file: data/intents/money_transfers_rus.yaml
2026-02-16 04:30:11,602 - texts_annotation - INFO - yaml_loader.py:23 - Loaded YAML file: data/intents/restrictions_rus.yaml
2026-02-16 04:30:11,619 - texts_annotation - INFO - yaml_loader.py:23 - Loaded YAML file: data/intents/social_rus.yaml
2026-02-16 04:30:11,620 - texts_annotation - INFO - intent_repo.py:68 - Loaded 120 intents
2026-02-16 04:30:11,622 - texts_annotation - INFO - text_repo.py:68 - Created text#4 with 5 candidates
2026-02-16 04:30:11,623 - texts_annotation - INFO - text_repo.py:68 - Created text#5 with 5 candidates
2026-02-16 04:30:11,624 - texts_annotation - INFO - text_repo.py:68 - Created text#6 with 5 candidates
2026-02-16 04:30:11,625 - texts_annotation - INFO - text_repo.py:68 - Created text#7 with 5 candidates
2026-02-16 04:30:11,626 - texts_annotation - INFO - text_repo.py:68 - Created text#8 with 5 candidates
2026-02-16 04:30:11,627 - texts_annotation - INFO - text_repo.py:68 - Created text#9 with 5 candidates
2026-02-16 04:30:11,628 - texts_annotation - INFO - text_repo.py:68 - Created text#10 with 5 candidates
2026-02-16 04:30:11,628 - texts_annotation - INFO - text_repo.py:68 - Created text#11 with 5 candidates
2026-02-16 04:30:11,629 - texts_annotation - INFO - text_repo.py:68 - Created text#12 with 5 candidates
2026-02-16 04:30:11,630 - texts_annotation - INFO - text_repo.py:68 - Created text#13 with 5 candidates
2026-02-16 04:30:11,631 - texts_annotation - INFO - text_repo.py:68 - Created text#14 with 5 candidates
2026-02-16 04:30:11,632 - texts_annotation - INFO - text_repo.py:68 - Created text#15 with 5 candidates
2026-02-16 04:30:11,632 - texts_annotation - INFO - text_repo.py:68 - Created text#16 with 5 candidates
2026-02-16 04:30:11,633 - texts_annotation - INFO - text_repo.py:68 - Created text#17 with 5 candidates
2026-02-16 04:30:11,634 - texts_annotation - INFO - text_repo.py:68 - Created text#18 with 5 candidates
2026-02-16 04:30:11,634 - texts_annotation - INFO - text_repo.py:68 - Created text#19 with 5 candidates
2026-02-16 04:30:11,635 - texts_annotation - INFO - text_repo.py:68 - Created text#20 with 5 candidates
2026-02-16 04:30:11,636 - texts_annotation - INFO - text_repo.py:68 - Created text#21 with 5 candidates
2026-02-16 04:30:11,637 - texts_annotation - INFO - text_repo.py:68 - Created text#22 with 5 candidates
2026-02-16 04:30:11,637 - texts_annotation - INFO - text_repo.py:68 - Created text#23 with 5 candidates
2026-02-16 04:30:11,638 - texts_annotation - INFO - text_repo.py:68 - Created text#24 with 5 candidates
2026-02-16 04:30:11,639 - texts_annotation - INFO - text_repo.py:68 - Created text#25 with 5 candidates
2026-02-16 04:30:11,640 - texts_annotation - INFO - text_repo.py:68 - Created text#26 with 5 candidates
2026-02-16 04:30:11,641 - texts_annotation - INFO - text_repo.py:68 - Created text#27 with 5 candidates
2026-02-16 04:30:11,641 - texts_annotation - INFO - text_repo.py:68 - Created text#28 with 5 candidates
2026-02-16 04:30:11,642 - texts_annotation - INFO - text_repo.py:68 - Created text#29 with 5 candidates
2026-02-16 04:30:11,643 - texts_annotation - INFO - text_repo.py:68 - Created text#30 with 5 candidates
2026-02-16 04:30:11,644 - texts_annotation - INFO - text_repo.py:68 - Created text#31 with 5 candidates
2026-02-16 04:30:11,645 - texts_annotation - INFO - text_repo.py:68 - Created text#32 with 5 candidates
2026-02-16 04:30:11,645 - texts_annotation - INFO - text_repo.py:68 - Created text#33 with 5 candidates
2026-02-16 04:30:11,646 - texts_annotation - INFO - text_repo.py:68 - Created text#34 with 5 candidates
2026-02-16 04:30:11,647 - texts_annotation - INFO - text_repo.py:68 - Created text#35 with 5 candidates
2026-02-16 04:30:11,648 - texts_annotation - INFO - text_repo.py:68 - Created text#36 with 5 candidates
2026-02-16 04:30:11,649 - texts_annotation - INFO - text_repo.py:68 - Created text#37 with 5 candidates
2026-02-16 04:30:11,649 - texts_annotation - INFO - text_repo.py:68 - Created text#38 with 5 candidates
2026-02-16 04:30:11,650 - texts_annotation - INFO - text_repo.py:68 - Created text#39 with 5 candidates
2026-02-16 04:30:11,651 - texts_annotation - INFO - text_repo.py:68 - Created text#40 with 5 candidates
2026-02-16 04:30:11,652 - texts_annotation - INFO - text_repo.py:68 - Created text#41 with 5 candidates
2026-02-16 04:30:11,652 - texts_annotation - INFO - text_repo.py:68 - Created text#42 with 5 candidates
2026-02-16 04:30:11,653 - texts_annotation - INFO - text_repo.py:68 - Created text#43 with 5 candidates
2026-02-16 04:30:11,654 - texts_annotation - INFO - text_repo.py:68 - Created text#44 with 5 candidates
2026-02-16 04:30:11,655 - texts_annotation - INFO - text_repo.py:68 - Created text#45 with 5 candidates
2026-02-16 04:30:11,655 - texts_annotation - INFO - text_repo.py:68 - Created text#46 with 5 candidates
2026-02-16 04:30:11,656 - texts_annotation - INFO - text_repo.py:68 - Created text#47 with 5 candidates
2026-02-16 04:30:11,657 - texts_annotation - INFO - text_repo.py:68 - Created text#48 with 5 candidates
2026-02-16 04:30:11,657 - texts_annotation - INFO - text_repo.py:68 - Created text#49 with 5 candidates
2026-02-16 04:30:11,658 - texts_annotation - INFO - text_repo.py:68 - Created text#50 with 5 candidates
2026-02-16 04:30:11,659 - texts_annotation - INFO - text_repo.py:68 - Created text#51 with 5 candidates
2026-02-16 04:30:11,660 - texts_annotation - INFO - text_repo.py:68 - Created text#52 with 5 candidates
2026-02-16 04:30:11,661 - texts_annotation - INFO - text_repo.py:68 - Created text#53 with 5 candidates
2026-02-16 04:30:11,661 - texts_annotation - INFO - text_repo.py:68 - Created text#54 with 5 candidates
2026-02-16 04:30:11,662 - texts_annotation - INFO - text_repo.py:68 - Created text#55 with 5 candidates
2026-02-16 04:30:11,663 - texts_annotation - INFO - text_repo.py:68 - Created text#56 with 5 candidates
2026-02-16 04:30:11,664 - texts_annotation - INFO - text_repo.py:68 - Created text#57 with 5 candidates
2026-02-16 04:30:11,664 - texts_annotation - INFO - text_repo.py:68 - Created text#58 with 5 candidates
2026-02-16 04:30:11,665 - texts_annotation - INFO - text_repo.py:68 - Created text#59 with 5 candidates
2026-02-16 04:30:11,666 - texts_annotation - INFO - text_repo.py:68 - Created text#60 with 5 candidates
2026-02-16 04:30:11,666 - texts_annotation - INFO - text_repo.py:68 - Created text#61 with 5 candidates
2026-02-16 04:30:11,667 - texts_annotation - INFO - text_repo.py:68 - Created text#62 with 5 candidates
2026-02-16 04:30:11,668 - texts_annotation - INFO - text_repo.py:68 - Created text#63 with 5 candidates
2026-02-16 04:30:11,669 - texts_annotation - INFO - text_repo.py:68 - Created text#64 with 5 candidates
2026-02-16 04:30:11,669 - texts_annotation - INFO - text_repo.py:68 - Created text#65 with 5 candidates
2026-02-16 04:30:11,670 - texts_annotation - INFO - text_repo.py:68 - Created text#66 with 5 candidates
2026-02-16 04:30:11,671 - texts_annotation - INFO - text_repo.py:68 - Created text#67 with 5 candidates
2026-02-16 04:30:11,671 - texts_annotation - INFO - text_repo.py:68 - Created text#68 with 5 candidates
2026-02-16 04:30:11,672 - texts_annotation - INFO - text_repo.py:68 - Created text#69 with 5 candidates
2026-02-16 04:30:11,673 - texts_annotation - INFO - text_repo.py:68 - Created text#70 with 5 candidates
2026-02-16 04:30:11,674 - texts_annotation - INFO - text_repo.py:68 - Created text#71 with 5 candidates
2026-02-16 04:30:11,674 - texts_annotation - INFO - text_repo.py:68 - Created text#72 with 5 candidates
2026-02-16 04:30:11,675 - texts_annotation - INFO - text_repo.py:68 - Created text#73 with 5 candidates
2026-02-16 04:30:11,676 - texts_annotation - INFO - text_repo.py:68 - Created text#74 with 5 candidates
2026-02-16 04:30:11,677 - texts_annotation - INFO - text_repo.py:68 - Created text#75 with 5 candidates
2026-02-16 04:30:11,677 - texts_annotation - INFO - text_repo.py:68 - Created text#76 with 5 candidates
2026-02-16 04:30:11,678 - texts_annotation - INFO - text_repo.py:68 - Created text#77 with 5 candidates
2026-02-16 04:30:11,679 - texts_annotation - INFO - text_repo.py:68 - Created text#78 with 5 candidates
2026-02-16 04:30:11,680 - texts_annotation - INFO - text_repo.py:68 - Created text#79 with 5 candidates
2026-02-16 04:30:11,681 - texts_annotation - INFO - text_repo.py:68 - Created text#80 with 5 candidates
2026-02-16 04:30:11,681 - texts_annotation - INFO - text_repo.py:68 - Created text#81 with 5 candidates
2026-02-16 04:30:11,682 - texts_annotation - INFO - text_repo.py:68 - Created text#82 with 5 candidates
2026-02-16 04:30:11,683 - texts_annotation - INFO - text_repo.py:68 - Created text#83 with 5 candidates
2026-02-16 04:30:11,684 - texts_annotation - INFO - text_repo.py:68 - Created text#84 with 5 candidates
2026-02-16 04:30:11,684 - texts_annotation - INFO - text_repo.py:68 - Created text#85 with 5 candidates
2026-02-16 04:30:11,685 - texts_annotation - INFO - text_repo.py:68 - Created text#86 with 5 candidates
2026-02-16 04:30:11,686 - texts_annotation - INFO - text_repo.py:68 - Created text#87 with 5 candidates
2026-02-16 04:30:11,687 - texts_annotation - INFO - text_repo.py:68 - Created text#88 with 5 candidates
2026-02-16 04:30:11,688 - texts_annotation - INFO - text_repo.py:68 - Created text#89 with 5 candidates
2026-02-16 04:30:11,688 - texts_annotation - INFO - text_repo.py:68 - Created text#90 with 5 candidates
2026-02-16 04:30:11,689 - texts_annotation - INFO - text_repo.py:68 - Created text#91 with 5 candidates
2026-02-16 04:30:11,690 - texts_annotation - INFO - text_repo.py:68 - Created text#92 with 5 candidates
2026-02-16 04:30:11,691 - texts_annotation - INFO - text_repo.py:68 - Created text#93 with 5 candidates
2026-02-16 04:30:11,692 - texts_annotation - INFO - text_repo.py:68 - Created text#94 with 5 candidates
2026-02-16 04:30:11,692 - texts_annotation - INFO - text_repo.py:68 - Created text#95 with 5 candidates
2026-02-16 04:30:11,693 - texts_annotation - INFO - text_repo.py:68 - Created text#96 with 5 candidates
2026-02-16 04:30:11,694 - texts_annotation - INFO - text_repo.py:68 - Created text#97 with 5 candidates
2026-02-16 04:30:11,694 - texts_annotation - INFO - import_service.py:82 - Imported 94 texts from data/uploads/upload_20260216_043011.csv
2026-02-16 04:31:24,826 - texts_annotation - INFO - database.py:57 - Database already exists: data/db/app.db
2026-02-16 04:31:24,827 - texts_annotation - INFO - database.py:133 - Initializing database: data/db/app.db
2026-02-16 04:31:24,831 - texts_annotation - INFO - database.py:238 - Creating performance indexes
2026-02-16 04:31:24,832 - texts_annotation - INFO - database.py:262 - Database initialized successfully
2026-02-16 04:31:24,833 - texts_annotation - INFO - database.py:112 - Auto-dump started (interval: 60s)
2026-02-16 04:31:24,833 - texts_annotation - INFO - database.py:118 - Auto-dump thread started
2026-02-16 04:31:24,833 - texts_annotation - INFO - intent_repo.py:29 - Loading intents from directory: data/intents
2026-02-16 04:31:24,871 - texts_annotation - INFO - yaml_loader.py:23 - Loaded YAML file: data/intents/card_products_rus.yaml
2026-02-16 04:31:24,938 - texts_annotation - INFO - yaml_loader.py:23 - Loaded YAML file: data/intents/credits_rus.yaml
2026-02-16 04:31:24,977 - texts_annotation - INFO - yaml_loader.py:23 - Loaded YAML file: data/intents/general_rus.yaml
2026-02-16 04:31:24,992 - texts_annotation - INFO - yaml_loader.py:23 - Loaded YAML file: data/intents/mobile_app_support_rus.yaml
2026-02-16 04:31:25,007 - texts_annotation - INFO - yaml_loader.py:23 - Loaded YAML file: data/intents/money_transfers_rus.yaml
2026-02-16 04:31:25,040 - texts_annotation - INFO - yaml_loader.py:23 - Loaded YAML file: data/intents/restrictions_rus.yaml
2026-02-16 04:31:25,061 - texts_annotation - INFO - yaml_loader.py:23 - Loaded YAML file: data/intents/social_rus.yaml
2026-02-16 04:31:25,062 - texts_annotation - INFO - intent_repo.py:68 - Loaded 120 intents
2026-02-16 04:31:25,222 - texts_annotation - INFO - app.py:54 - Application initialized with 120 intents
2026-02-16 04:31:25,228 - texts_annotation - INFO - yaml_loader.py:23 - Loaded YAML file: data/annotators.yaml
2026-02-16 04:31:25,228 - texts_annotation - INFO - auth_service.py:42 - Loaded 4 annotators
2026-02-16 04:31:25,383 - texts_annotation - INFO - yaml_loader.py:23 - Loaded YAML file: data/annotators.yaml
2026-02-16 04:31:25,383 - texts_annotation - INFO - auth_service.py:42 - Loaded 4 annotators
2026-02-16 04:31:25,800 - texts_annotation - INFO - yaml_loader.py:23 - Loaded YAML file: data/annotators.yaml
2026-02-16 04:31:25,800 - texts_annotation - INFO - auth_service.py:42 - Loaded 4 annotators
2026-02-16 04:31:31,009 - texts_annotation - INFO - yaml_loader.py:23 - Loaded YAML file: data/annotators.yaml
2026-02-16 04:31:31,010 - texts_annotation - INFO - auth_service.py:42 - Loaded 4 annotators
2026-02-16 04:31:50,076 - texts_annotation - INFO - intent_repo.py:29 - Loading intents from directory: data/intents
2026-02-16 04:31:50,134 - texts_annotation - INFO - yaml_loader.py:23 - Loaded YAML file: data/intents/card_products_rus.yaml
2026-02-16 04:31:50,201 - texts_annotation - INFO - yaml_loader.py:23 - Loaded YAML file: data/intents/credits_rus.yaml
2026-02-16 04:31:50,244 - texts_annotation - INFO - yaml_loader.py:23 - Loaded YAML file: data/intents/general_rus.yaml
2026-02-16 04:31:50,262 - texts_annotation - INFO - yaml_loader.py:23 - Loaded YAML file: data/intents/mobile_app_support_rus.yaml
2026-02-16 04:31:50,279 - texts_annotation - INFO - yaml_loader.py:23 - Loaded YAML file: data/intents/money_transfers_rus.yaml
2026-02-16 04:31:50,314 - texts_annotation - INFO - yaml_loader.py:23 - Loaded YAML file: data/intents/restrictions_rus.yaml
2026-02-16 04:31:50,332 - texts_annotation - INFO - yaml_loader.py:23 - Loaded YAML file: data/intents/social_rus.yaml
2026-02-16 04:31:50,332 - texts_annotation - INFO - intent_repo.py:68 - Loaded 120 intents
2026-02-16 04:31:50,354 - texts_annotation - INFO - import_service.py:82 - Imported 0 texts from data/uploads/upload_20260216_043150.csv
2026-02-16 04:31:59,003 - texts_annotation - INFO - yaml_loader.py:23 - Loaded YAML file: data/annotators.yaml
2026-02-16 04:31:59,003 - texts_annotation - INFO - auth_service.py:42 - Loaded 4 annotators
2026-02-16 04:32:09,021 - texts_annotation - INFO - yaml_loader.py:23 - Loaded YAML file: data/annotators.yaml
2026-02-16 04:32:09,021 - texts_annotation - INFO - auth_service.py:42 - Loaded 4 annotators
2026-02-16 04:32:09,024 - texts_annotation - INFO - auth_service.py:60 - Annotator authenticated: adina
2026-02-16 04:32:53,289 - texts_annotation - INFO - yaml_loader.py:23 - Loaded YAML file: data/annotators.yaml
2026-02-16 04:32:53,289 - texts_annotation - INFO - auth_service.py:42 - Loaded 4 annotators
2026-02-16 04:32:56,596 - texts_annotation - INFO - yaml_loader.py:23 - Loaded YAML file: data/annotators.yaml
2026-02-16 04:32:56,597 - texts_annotation - INFO - auth_service.py:42 - Loaded 4 annotators
2026-02-16 04:32:56,599 - texts_annotation - INFO - auth_service.py:60 - Annotator authenticated: roma
2026-02-16 04:37:49,522 - texts_annotation - INFO - yaml_loader.py:23 - Loaded YAML file: data/annotators.yaml
2026-02-16 04:37:49,523 - texts_annotation - INFO - auth_service.py:49 - Mapped language 'Казахский' to 'kk' for adina
2026-02-16 04:37:49,523 - texts_annotation - INFO - auth_service.py:49 - Mapped language 'Казахский' to 'kk' for madina
2026-02-16 04:37:49,523 - texts_annotation - INFO - auth_service.py:49 - Mapped language 'Русский' to 'ru' for roma
2026-02-16 04:37:49,523 - texts_annotation - INFO - auth_service.py:49 - Mapped language 'Русский' to 'ru' for iskander
2026-02-16 04:37:49,523 - texts_annotation - INFO - auth_service.py:56 - Loaded 4 annotators
2026-02-16 04:39:15,311 - texts_annotation - INFO - yaml_loader.py:23 - Loaded YAML file: data/annotators.yaml
2026-02-16 04:39:15,311 - texts_annotation - INFO - auth_service.py:42 - Loaded 4 annotators
2026-02-16 04:39:35,487 - texts_annotation - INFO - yaml_loader.py:23 - Loaded YAML file: data/annotators.yaml
2026-02-16 04:39:35,488 - texts_annotation - INFO - auth_service.py:42 - Loaded 4 annotators
2026-02-16 04:39:39,266 - texts_annotation - INFO - yaml_loader.py:23 - Loaded YAML file: data/annotators.yaml
2026-02-16 04:39:39,266 - texts_annotation - INFO - auth_service.py:42 - Loaded 4 annotators
2026-02-16 04:39:39,268 - texts_annotation - WARNING - auth_service.py:63 - Authentication failed for: adina
2026-02-16 04:39:41,185 - texts_annotation - INFO - yaml_loader.py:23 - Loaded YAML file: data/annotators.yaml
2026-02-16 04:39:41,185 - texts_annotation - INFO - auth_service.py:42 - Loaded 4 annotators
2026-02-16 04:39:41,187 - texts_annotation - WARNING - auth_service.py:63 - Authentication failed for: adina
2026-02-16 04:39:43,661 - texts_annotation - INFO - yaml_loader.py:23 - Loaded YAML file: data/annotators.yaml
2026-02-16 04:39:43,662 - texts_annotation - INFO - auth_service.py:42 - Loaded 4 annotators
2026-02-16 04:39:43,664 - texts_annotation - INFO - auth_service.py:60 - Annotator authenticated: roma
2026-02-16 04:39:59,147 - texts_annotation - INFO - intent_repo.py:29 - Loading intents from directory: data/intents
2026-02-16 04:39:59,209 - texts_annotation - INFO - yaml_loader.py:23 - Loaded YAML file: data/intents/card_products_rus.yaml
2026-02-16 04:39:59,278 - texts_annotation - INFO - yaml_loader.py:23 - Loaded YAML file: data/intents/credits_rus.yaml
2026-02-16 04:39:59,324 - texts_annotation - INFO - yaml_loader.py:23 - Loaded YAML file: data/intents/general_rus.yaml
2026-02-16 04:39:59,344 - texts_annotation - INFO - yaml_loader.py:23 - Loaded YAML file: data/intents/mobile_app_support_rus.yaml
2026-02-16 04:39:59,358 - texts_annotation - INFO - yaml_loader.py:23 - Loaded YAML file: data/intents/money_transfers_rus.yaml
2026-02-16 04:39:59,390 - texts_annotation - INFO - yaml_loader.py:23 - Loaded YAML file: data/intents/restrictions_rus.yaml
2026-02-16 04:39:59,408 - texts_annotation - INFO - yaml_loader.py:23 - Loaded YAML file: data/intents/social_rus.yaml
2026-02-16 04:39:59,409 - texts_annotation - INFO - intent_repo.py:68 - Loaded 120 intents
2026-02-16 04:39:59,424 - texts_annotation - INFO - import_service.py:82 - Imported 0 texts from data/uploads/upload_20260216_043959.csv
2026-02-16 04:40:04,081 - texts_annotation - INFO - yaml_loader.py:23 - Loaded YAML file: data/annotators.yaml
2026-02-16 04:40:04,082 - texts_annotation - INFO - auth_service.py:42 - Loaded 4 annotators
2026-02-16 04:40:08,649 - texts_annotation - INFO - yaml_loader.py:23 - Loaded YAML file: data/annotators.yaml
2026-02-16 04:40:08,650 - texts_annotation - INFO - auth_service.py:42 - Loaded 4 annotators
2026-02-16 04:40:08,652 - texts_annotation - INFO - auth_service.py:60 - Annotator authenticated: roma
2026-02-16 04:41:39,945 - texts_annotation - INFO - intent_repo.py:29 - Loading intents from directory: data/intents
2026-02-16 04:41:40,007 - texts_annotation - INFO - yaml_loader.py:23 - Loaded YAML file: data/intents/card_products_rus.yaml
2026-02-16 04:41:40,078 - texts_annotation - INFO - yaml_loader.py:23 - Loaded YAML file: data/intents/credits_rus.yaml
2026-02-16 04:41:40,121 - texts_annotation - INFO - yaml_loader.py:23 - Loaded YAML file: data/intents/general_rus.yaml
2026-02-16 04:41:40,139 - texts_annotation - INFO - yaml_loader.py:23 - Loaded YAML file: data/intents/mobile_app_support_rus.yaml
2026-02-16 04:41:40,154 - texts_annotation - INFO - yaml_loader.py:23 - Loaded YAML file: data/intents/money_transfers_rus.yaml
2026-02-16 04:41:40,187 - texts_annotation - INFO - yaml_loader.py:23 - Loaded YAML file: data/intents/restrictions_rus.yaml
2026-02-16 04:41:40,205 - texts_annotation - INFO - yaml_loader.py:23 - Loaded YAML file: data/intents/social_rus.yaml
2026-02-16 04:41:40,205 - texts_annotation - INFO - intent_repo.py:68 - Loaded 120 intents
2026-02-16 04:41:40,207 - texts_annotation - INFO - text_repo.py:68 - Created text#98 with 5 candidates
2026-02-16 04:41:40,208 - texts_annotation - INFO - text_repo.py:68 - Created text#99 with 5 candidates
2026-02-16 04:41:40,209 - texts_annotation - INFO - text_repo.py:68 - Created text#100 with 5 candidates
2026-02-16 04:41:40,210 - texts_annotation - INFO - text_repo.py:68 - Created text#101 with 5 candidates
2026-02-16 04:41:40,211 - texts_annotation - INFO - text_repo.py:68 - Created text#102 with 5 candidates
2026-02-16 04:41:40,212 - texts_annotation - INFO - text_repo.py:68 - Created text#103 with 5 candidates
2026-02-16 04:41:40,212 - texts_annotation - INFO - text_repo.py:68 - Created text#104 with 5 candidates
2026-02-16 04:41:40,213 - texts_annotation - INFO - text_repo.py:68 - Created text#105 with 5 candidates
2026-02-16 04:41:40,214 - texts_annotation - INFO - text_repo.py:68 - Created text#106 with 5 candidates
2026-02-16 04:41:40,215 - texts_annotation - INFO - text_repo.py:68 - Created text#107 with 5 candidates
2026-02-16 04:41:40,216 - texts_annotation - INFO - text_repo.py:68 - Created text#108 with 5 candidates
2026-02-16 04:41:40,217 - texts_annotation - INFO - text_repo.py:68 - Created text#109 with 5 candidates
2026-02-16 04:41:40,218 - texts_annotation - INFO - text_repo.py:68 - Created text#110 with 5 candidates
2026-02-16 04:41:40,220 - texts_annotation - INFO - text_repo.py:68 - Created text#111 with 5 candidates
2026-02-16 04:41:40,222 - texts_annotation - INFO - text_repo.py:68 - Created text#112 with 5 candidates
2026-02-16 04:41:40,223 - texts_annotation - INFO - text_repo.py:68 - Created text#113 with 5 candidates
2026-02-16 04:41:40,224 - texts_annotation - INFO - text_repo.py:68 - Created text#114 with 5 candidates
2026-02-16 04:41:40,224 - texts_annotation - INFO - text_repo.py:68 - Created text#115 with 5 candidates
2026-02-16 04:41:40,225 - texts_annotation - INFO - text_repo.py:68 - Created text#116 with 5 candidates
2026-02-16 04:41:40,226 - texts_annotation - INFO - text_repo.py:68 - Created text#117 with 5 candidates
2026-02-16 04:41:40,227 - texts_annotation - INFO - text_repo.py:68 - Created text#118 with 5 candidates
2026-02-16 04:41:40,227 - texts_annotation - INFO - text_repo.py:68 - Created text#119 with 5 candidates
2026-02-16 04:41:40,228 - texts_annotation - INFO - text_repo.py:68 - Created text#120 with 5 candidates
2026-02-16 04:41:40,229 - texts_annotation - INFO - text_repo.py:68 - Created text#121 with 5 candidates
2026-02-16 04:41:40,230 - texts_annotation - INFO - text_repo.py:68 - Created text#122 with 5 candidates
2026-02-16 04:41:40,231 - texts_annotation - INFO - text_repo.py:68 - Created text#123 with 5 candidates
2026-02-16 04:41:40,231 - texts_annotation - INFO - text_repo.py:68 - Created text#124 with 5 candidates
2026-02-16 04:41:40,232 - texts_annotation - INFO - text_repo.py:68 - Created text#125 with 5 candidates
2026-02-16 04:41:40,233 - texts_annotation - INFO - text_repo.py:68 - Created text#126 with 5 candidates
2026-02-16 04:41:40,233 - texts_annotation - INFO - text_repo.py:68 - Created text#127 with 5 candidates
2026-02-16 04:41:40,234 - texts_annotation - INFO - text_repo.py:68 - Created text#128 with 5 candidates
2026-02-16 04:41:40,235 - texts_annotation - INFO - text_repo.py:68 - Created text#129 with 5 candidates
2026-02-16 04:41:40,236 - texts_annotation - INFO - text_repo.py:68 - Created text#130 with 5 candidates
2026-02-16 04:41:40,237 - texts_annotation - INFO - text_repo.py:68 - Created text#131 with 5 candidates
2026-02-16 04:41:40,238 - texts_annotation - INFO - text_repo.py:68 - Created text#132 with 5 candidates
2026-02-16 04:41:40,238 - texts_annotation - INFO - text_repo.py:68 - Created text#133 with 5 candidates
2026-02-16 04:41:40,239 - texts_annotation - INFO - text_repo.py:68 - Created text#134 with 5 candidates
2026-02-16 04:41:40,240 - texts_annotation - INFO - text_repo.py:68 - Created text#135 with 5 candidates
2026-02-16 04:41:40,241 - texts_annotation - INFO - text_repo.py:68 - Created text#136 with 5 candidates
2026-02-16 04:41:40,241 - texts_annotation - INFO - text_repo.py:68 - Created text#137 with 5 candidates
2026-02-16 04:41:40,242 - texts_annotation - INFO - text_repo.py:68 - Created text#138 with 5 candidates
2026-02-16 04:41:40,243 - texts_annotation - INFO - text_repo.py:68 - Created text#139 with 5 candidates
2026-02-16 04:41:40,244 - texts_annotation - INFO - text_repo.py:68 - Created text#140 with 5 candidates
2026-02-16 04:41:40,244 - texts_annotation - INFO - text_repo.py:68 - Created text#141 with 5 candidates
2026-02-16 04:41:40,245 - texts_annotation - INFO - text_repo.py:68 - Created text#142 with 5 candidates
2026-02-16 04:41:40,246 - texts_annotation - INFO - text_repo.py:68 - Created text#143 with 5 candidates
2026-02-16 04:41:40,247 - texts_annotation - INFO - text_repo.py:68 - Created text#144 with 5 candidates
2026-02-16 04:41:40,248 - texts_annotation - INFO - text_repo.py:68 - Created text#145 with 5 candidates
2026-02-16 04:41:40,248 - texts_annotation - INFO - text_repo.py:68 - Created text#146 with 5 candidates
2026-02-16 04:41:40,249 - texts_annotation - INFO - text_repo.py:68 - Created text#147 with 5 candidates
2026-02-16 04:41:40,250 - texts_annotation - INFO - text_repo.py:68 - Created text#148 with 5 candidates
2026-02-16 04:41:40,251 - texts_annotation - INFO - text_repo.py:68 - Created text#149 with 5 candidates
2026-02-16 04:41:40,252 - texts_annotation - INFO - text_repo.py:68 - Created text#150 with 5 candidates
2026-02-16 04:41:40,252 - texts_annotation - INFO - text_repo.py:68 - Created text#151 with 5 candidates
2026-02-16 04:41:40,253 - texts_annotation - INFO - text_repo.py:68 - Created text#152 with 5 candidates
2026-02-16 04:41:40,254 - texts_annotation - INFO - text_repo.py:68 - Created text#153 with 5 candidates
2026-02-16 04:41:40,255 - texts_annotation - INFO - text_repo.py:68 - Created text#154 with 5 candidates
2026-02-16 04:41:40,256 - texts_annotation - INFO - text_repo.py:68 - Created text#155 with 5 candidates
2026-02-16 04:41:40,257 - texts_annotation - INFO - text_repo.py:68 - Created text#156 with 5 candidates
2026-02-16 04:41:40,258 - texts_annotation - INFO - text_repo.py:68 - Created text#157 with 5 candidates
2026-02-16 04:41:40,258 - texts_annotation - INFO - text_repo.py:68 - Created text#158 with 5 candidates
2026-02-16 04:41:40,259 - texts_annotation - INFO - text_repo.py:68 - Created text#159 with 5 candidates
2026-02-16 04:41:40,260 - texts_annotation - INFO - text_repo.py:68 - Created text#160 with 5 candidates
2026-02-16 04:41:40,262 - texts_annotation - INFO - text_repo.py:68 - Created text#161 with 5 candidates
2026-02-16 04:41:40,263 - texts_annotation - INFO - text_repo.py:68 - Created text#162 with 5 candidates
2026-02-16 04:41:40,265 - texts_annotation - INFO - text_repo.py:68 - Created text#163 with 5 candidates
2026-02-16 04:41:40,267 - texts_annotation - INFO - text_repo.py:68 - Created text#164 with 5 candidates
2026-02-16 04:41:40,269 - texts_annotation - INFO - text_repo.py:68 - Created text#165 with 5 candidates
2026-02-16 04:41:40,270 - texts_annotation - INFO - text_repo.py:68 - Created text#166 with 5 candidates
2026-02-16 04:41:40,271 - texts_annotation - INFO - text_repo.py:68 - Created text#167 with 5 candidates
2026-02-16 04:41:40,272 - texts_annotation - INFO - text_repo.py:68 - Created text#168 with 5 candidates
2026-02-16 04:41:40,273 - texts_annotation - INFO - text_repo.py:68 - Created text#169 with 5 candidates
2026-02-16 04:41:40,273 - texts_annotation - INFO - text_repo.py:68 - Created text#170 with 5 candidates
2026-02-16 04:41:40,274 - texts_annotation - INFO - text_repo.py:68 - Created text#171 with 5 candidates
2026-02-16 04:41:40,275 - texts_annotation - INFO - text_repo.py:68 - Created text#172 with 5 candidates
2026-02-16 04:41:40,276 - texts_annotation - INFO - text_repo.py:68 - Created text#173 with 5 candidates
2026-02-16 04:41:40,276 - texts_annotation - INFO - text_repo.py:68 - Created text#174 with 5 candidates
2026-02-16 04:41:40,277 - texts_annotation - INFO - text_repo.py:68 - Created text#175 with 5 candidates
2026-02-16 04:41:40,278 - texts_annotation - INFO - text_repo.py:68 - Created text#176 with 5 candidates
2026-02-16 04:41:40,279 - texts_annotation - INFO - text_repo.py:68 - Created text#177 with 5 candidates
2026-02-16 04:41:40,280 - texts_annotation - INFO - text_repo.py:68 - Created text#178 with 5 candidates
2026-02-16 04:41:40,280 - texts_annotation - INFO - text_repo.py:68 - Created text#179 with 5 candidates
2026-02-16 04:41:40,281 - texts_annotation - INFO - text_repo.py:68 - Created text#180 with 5 candidates
2026-02-16 04:41:40,282 - texts_annotation - INFO - text_repo.py:68 - Created text#181 with 5 candidates
2026-02-16 04:41:40,283 - texts_annotation - INFO - text_repo.py:68 - Created text#182 with 5 candidates
2026-02-16 04:41:40,283 - texts_annotation - INFO - text_repo.py:68 - Created text#183 with 5 candidates
2026-02-16 04:41:40,284 - texts_annotation - INFO - text_repo.py:68 - Created text#184 with 5 candidates
2026-02-16 04:41:40,285 - texts_annotation - INFO - text_repo.py:68 - Created text#185 with 5 candidates
2026-02-16 04:41:40,286 - texts_annotation - INFO - text_repo.py:68 - Created text#186 with 5 candidates
2026-02-16 04:41:40,286 - texts_annotation - INFO - text_repo.py:68 - Created text#187 with 5 candidates
2026-02-16 04:41:40,287 - texts_annotation - INFO - text_repo.py:68 - Created text#188 with 5 candidates
2026-02-16 04:41:40,288 - texts_annotation - INFO - text_repo.py:68 - Created text#189 with 5 candidates
2026-02-16 04:41:40,289 - texts_annotation - INFO - text_repo.py:68 - Created text#190 with 5 candidates
2026-02-16 04:41:40,289 - texts_annotation - INFO - text_repo.py:68 - Created text#191 with 5 candidates
2026-02-16 04:41:40,289 - texts_annotation - INFO - import_service.py:82 - Imported 94 texts from data/uploads/upload_20260216_044139.csv
2026-02-16 04:41:42,299 - texts_annotation - INFO - yaml_loader.py:23 - Loaded YAML file: data/annotators.yaml
2026-02-16 04:41:42,300 - texts_annotation - INFO - auth_service.py:42 - Loaded 4 annotators
2026-02-16 04:41:45,567 - texts_annotation - INFO - yaml_loader.py:23 - Loaded YAML file: data/annotators.yaml
2026-02-16 04:41:45,567 - texts_annotation - INFO - auth_service.py:42 - Loaded 4 annotators
2026-02-16 04:41:45,570 - texts_annotation - INFO - auth_service.py:60 - Annotator authenticated: roma
2026-02-16 04:42:44,675 - texts_annotation - INFO - yaml_loader.py:23 - Loaded YAML file: data/annotators.yaml
2026-02-16 04:42:44,675 - texts_annotation - INFO - auth_service.py:49 - Mapped language 'Казахский' to 'kk' for adina
2026-02-16 04:42:44,675 - texts_annotation - INFO - auth_service.py:49 - Mapped language 'Казахский' to 'kk' for madina
2026-02-16 04:42:44,675 - texts_annotation - INFO - auth_service.py:49 - Mapped language 'Русский' to 'ru' for roma
2026-02-16 04:42:44,675 - texts_annotation - INFO - auth_service.py:49 - Mapped language 'Русский' to 'ru' for iskander
2026-02-16 04:42:44,676 - texts_annotation - INFO - auth_service.py:56 - Loaded 4 annotators
2026-02-16 04:43:11,802 - texts_annotation - INFO - yaml_loader.py:23 - Loaded YAML file: data/annotators.yaml
2026-02-16 04:43:11,803 - texts_annotation - INFO - auth_service.py:49 - Mapped language 'Казахский' to 'kk' for adina
2026-02-16 04:43:11,803 - texts_annotation - INFO - auth_service.py:49 - Mapped language 'Казахский' to 'kk' for madina
2026-02-16 04:43:11,803 - texts_annotation - INFO - auth_service.py:49 - Mapped language 'Русский' to 'ru' for roma
2026-02-16 04:43:11,803 - texts_annotation - INFO - auth_service.py:49 - Mapped language 'Русский' to 'ru' for iskander
2026-02-16 04:43:11,803 - texts_annotation - INFO - auth_service.py:56 - Loaded 4 annotators
2026-02-16 04:43:31,718 - texts_annotation - INFO - database.py:57 - Database already exists: data/db/app.db
2026-02-16 04:43:31,719 - texts_annotation - INFO - database.py:133 - Initializing database: data/db/app.db
2026-02-16 04:43:31,722 - texts_annotation - INFO - database.py:238 - Creating performance indexes
2026-02-16 04:43:31,722 - texts_annotation - INFO - database.py:262 - Database initialized successfully
2026-02-16 04:43:31,722 - texts_annotation - INFO - database.py:112 - Auto-dump started (interval: 60s)
2026-02-16 04:43:31,722 - texts_annotation - INFO - database.py:118 - Auto-dump thread started
2026-02-16 04:43:31,722 - texts_annotation - INFO - intent_repo.py:29 - Loading intents from directory: data/intents
2026-02-16 04:43:31,759 - texts_annotation - INFO - yaml_loader.py:23 - Loaded YAML file: data/intents/card_products_rus.yaml
2026-02-16 04:43:31,824 - texts_annotation - INFO - yaml_loader.py:23 - Loaded YAML file: data/intents/credits_rus.yaml
2026-02-16 04:43:31,864 - texts_annotation - INFO - yaml_loader.py:23 - Loaded YAML file: data/intents/general_rus.yaml
2026-02-16 04:43:31,880 - texts_annotation - INFO - yaml_loader.py:23 - Loaded YAML file: data/intents/mobile_app_support_rus.yaml
2026-02-16 04:43:31,895 - texts_annotation - INFO - yaml_loader.py:23 - Loaded YAML file: data/intents/money_transfers_rus.yaml
2026-02-16 04:43:31,935 - texts_annotation - INFO - yaml_loader.py:23 - Loaded YAML file: data/intents/restrictions_rus.yaml
2026-02-16 04:43:31,953 - texts_annotation - INFO - yaml_loader.py:23 - Loaded YAML file: data/intents/social_rus.yaml
2026-02-16 04:43:31,953 - texts_annotation - INFO - intent_repo.py:68 - Loaded 120 intents
2026-02-16 04:43:32,004 - texts_annotation - INFO - app.py:54 - Application initialized with 120 intents
2026-02-16 04:43:32,041 - texts_annotation - INFO - yaml_loader.py:23 - Loaded YAML file: data/annotators.yaml
2026-02-16 04:43:32,041 - texts_annotation - INFO - auth_service.py:49 - Mapped language 'Казахский' to 'kk' for adina
2026-02-16 04:43:32,041 - texts_annotation - INFO - auth_service.py:49 - Mapped language 'Казахский' to 'kk' for madina
2026-02-16 04:43:32,041 - texts_annotation - INFO - auth_service.py:49 - Mapped language 'Русский' to 'ru' for roma
2026-02-16 04:43:32,041 - texts_annotation - INFO - auth_service.py:49 - Mapped language 'Русский' to 'ru' for iskander
2026-02-16 04:43:32,041 - texts_annotation - INFO - auth_service.py:56 - Loaded 4 annotators
2026-02-16 04:43:42,739 - texts_annotation - INFO - yaml_loader.py:23 - Loaded YAML file: data/annotators.yaml
2026-02-16 04:43:42,740 - texts_annotation - INFO - auth_service.py:49 - Mapped language 'Казахский' to 'kk' for adina
2026-02-16 04:43:42,740 - texts_annotation - INFO - auth_service.py:49 - Mapped language 'Казахский' to 'kk' for madina
2026-02-16 04:43:42,740 - texts_annotation - INFO - auth_service.py:49 - Mapped language 'Русский' to 'ru' for roma
2026-02-16 04:43:42,740 - texts_annotation - INFO - auth_service.py:49 - Mapped language 'Русский' to 'ru' for iskander
2026-02-16 04:43:42,741 - texts_annotation - INFO - auth_service.py:56 - Loaded 4 annotators
2026-02-16 04:43:48,575 - texts_annotation - INFO - yaml_loader.py:23 - Loaded YAML file: data/annotators.yaml
2026-02-16 04:43:48,575 - texts_annotation - INFO - auth_service.py:49 - Mapped language 'Казахский' to 'kk' for adina
2026-02-16 04:43:48,575 - texts_annotation - INFO - auth_service.py:49 - Mapped language 'Казахский' to 'kk' for madina
2026-02-16 04:43:48,575 - texts_annotation - INFO - auth_service.py:49 - Mapped language 'Русский' to 'ru' for roma
2026-02-16 04:43:48,575 - texts_annotation - INFO - auth_service.py:49 - Mapped language 'Русский' to 'ru' for iskander
2026-02-16 04:43:48,575 - texts_annotation - INFO - auth_service.py:56 - Loaded 4 annotators
2026-02-16 04:43:48,576 - texts_annotation - INFO - auth_service.py:74 - Annotator authenticated: roma
2026-02-16 04:44:05,686 - texts_annotation - INFO - annotation_repo.py:78 - Saved 6 annotations for text#191 by roma
2026-02-16 04:44:05,686 - texts_annotation - INFO - annotation_service.py:100 - Saved 6 annotations for text#191
2026-02-16 04:44:13,001 - texts_annotation - INFO - annotation_repo.py:78 - Saved 5 annotations for text#190 by roma
2026-02-16 04:44:13,001 - texts_annotation - INFO - annotation_service.py:100 - Saved 5 annotations for text#190
2026-02-16 04:46:02,753 - texts_annotation - INFO - database.py:57 - Database already exists: data/db/app.db
2026-02-16 04:46:02,753 - texts_annotation - INFO - database.py:133 - Initializing database: data/db/app.db
2026-02-16 04:46:02,756 - texts_annotation - INFO - database.py:238 - Creating performance indexes
2026-02-16 04:46:02,756 - texts_annotation - INFO - database.py:262 - Database initialized successfully
2026-02-16 04:46:02,756 - texts_annotation - INFO - database.py:112 - Auto-dump started (interval: 60s)
2026-02-16 04:46:02,756 - texts_annotation - INFO - database.py:118 - Auto-dump thread started
2026-02-16 04:46:02,757 - texts_annotation - INFO - intent_repo.py:29 - Loading intents from directory: data/intents
2026-02-16 04:46:02,795 - texts_annotation - INFO - yaml_loader.py:23 - Loaded YAML file: data/intents/card_products_rus.yaml
2026-02-16 04:46:02,855 - texts_annotation - INFO - yaml_loader.py:23 - Loaded YAML file: data/intents/credits_rus.yaml
2026-02-16 04:46:02,896 - texts_annotation - INFO - yaml_loader.py:23 - Loaded YAML file: data/intents/general_rus.yaml
2026-02-16 04:46:02,912 - texts_annotation - INFO - yaml_loader.py:23 - Loaded YAML file: data/intents/mobile_app_support_rus.yaml
2026-02-16 04:46:02,927 - texts_annotation - INFO - yaml_loader.py:23 - Loaded YAML file: data/intents/money_transfers_rus.yaml
2026-02-16 04:46:02,969 - texts_annotation - INFO - yaml_loader.py:23 - Loaded YAML file: data/intents/restrictions_rus.yaml
2026-02-16 04:46:02,987 - texts_annotation - INFO - yaml_loader.py:23 - Loaded YAML file: data/intents/social_rus.yaml
2026-02-16 04:46:02,987 - texts_annotation - INFO - intent_repo.py:68 - Loaded 120 intents
2026-02-16 04:46:03,038 - texts_annotation - INFO - app.py:54 - Application initialized with 120 intents
2026-02-16 04:46:03,074 - texts_annotation - INFO - yaml_loader.py:23 - Loaded YAML file: data/annotators.yaml
2026-02-16 04:46:03,074 - texts_annotation - INFO - auth_service.py:49 - Mapped language 'Казахский' to 'kk' for adina
2026-02-16 04:46:03,074 - texts_annotation - INFO - auth_service.py:49 - Mapped language 'Казахский' to 'kk' for madina
2026-02-16 04:46:03,075 - texts_annotation - INFO - auth_service.py:49 - Mapped language 'Русский' to 'ru' for roma
2026-02-16 04:46:03,075 - texts_annotation - INFO - auth_service.py:49 - Mapped language 'Русский' to 'ru' for iskander
2026-02-16 04:46:03,075 - texts_annotation - INFO - auth_service.py:56 - Loaded 4 annotators
2026-02-16 04:46:11,841 - texts_annotation - INFO - yaml_loader.py:23 - Loaded YAML file: data/annotators.yaml
2026-02-16 04:46:11,842 - texts_annotation - INFO - auth_service.py:49 - Mapped language 'Казахский' to 'kk' for adina
2026-02-16 04:46:11,842 - texts_annotation - INFO - auth_service.py:49 - Mapped language 'Казахский' to 'kk' for madina
2026-02-16 04:46:11,842 - texts_annotation - INFO - auth_service.py:49 - Mapped language 'Русский' to 'ru' for roma
2026-02-16 04:46:11,842 - texts_annotation - INFO - auth_service.py:49 - Mapped language 'Русский' to 'ru' for iskander
2026-02-16 04:46:11,842 - texts_annotation - INFO - auth_service.py:56 - Loaded 4 annotators
2026-02-16 04:46:11,844 - texts_annotation - INFO - auth_service.py:74 - Annotator authenticated: roma
2026-02-16 04:46:22,019 - texts_annotation - INFO - annotation_repo.py:78 - Saved 5 annotations for text#187 by roma
2026-02-16 04:46:22,020 - texts_annotation - INFO - annotation_service.py:100 - Saved 5 annotations for text#187
2026-02-16 04:46:31,855 - texts_annotation - INFO - yaml_loader.py:23 - Loaded YAML file: data/annotators.yaml
2026-02-16 04:46:31,855 - texts_annotation - INFO - auth_service.py:49 - Mapped language 'Казахский' to 'kk' for adina
2026-02-16 04:46:31,855 - texts_annotation - INFO - auth_service.py:49 - Mapped language 'Казахский' to 'kk' for madina
2026-02-16 04:46:31,855 - texts_annotation - INFO - auth_service.py:49 - Mapped language 'Русский' to 'ru' for roma
2026-02-16 04:46:31,855 - texts_annotation - INFO - auth_service.py:49 - Mapped language 'Русский' to 'ru' for iskander
2026-02-16 04:46:31,856 - texts_annotation - INFO - auth_service.py:56 - Loaded 4 annotators
2026-02-16 04:46:34,873 - texts_annotation - INFO - yaml_loader.py:23 - Loaded YAML file: data/annotators.yaml
2026-02-16 04:46:34,873 - texts_annotation - INFO - auth_service.py:49 - Mapped language 'Казахский' to 'kk' for adina
2026-02-16 04:46:34,873 - texts_annotation - INFO - auth_service.py:49 - Mapped language 'Казахский' to 'kk' for madina
2026-02-16 04:46:34,873 - texts_annotation - INFO - auth_service.py:49 - Mapped language 'Русский' to 'ru' for roma
2026-02-16 04:46:34,873 - texts_annotation - INFO - auth_service.py:49 - Mapped language 'Русский' to 'ru' for iskander
2026-02-16 04:46:34,874 - texts_annotation - INFO - auth_service.py:56 - Loaded 4 annotators
2026-02-16 04:48:49,075 - texts_annotation - INFO - yaml_loader.py:23 - Loaded YAML file: data/annotators.yaml
2026-02-16 04:48:49,076 - texts_annotation - INFO - auth_service.py:49 - Mapped language 'Казахский' to 'kk' for adina
2026-02-16 04:48:49,076 - texts_annotation - INFO - auth_service.py:49 - Mapped language 'Казахский' to 'kk' for madina
2026-02-16 04:48:49,076 - texts_annotation - INFO - auth_service.py:49 - Mapped language 'Русский' to 'ru' for roma
2026-02-16 04:48:49,076 - texts_annotation - INFO - auth_service.py:49 - Mapped language 'Русский' to 'ru' for iskander
2026-02-16 04:48:49,076 - texts_annotation - INFO - auth_service.py:56 - Loaded 4 annotators
2026-02-16 04:48:54,323 - texts_annotation - INFO - yaml_loader.py:23 - Loaded YAML file: data/annotators.yaml
2026-02-16 04:48:54,323 - texts_annotation - INFO - auth_service.py:49 - Mapped language 'Казахский' to 'kk' for adina
2026-02-16 04:48:54,323 - texts_annotation - INFO - auth_service.py:49 - Mapped language 'Казахский' to 'kk' for madina
2026-02-16 04:48:54,323 - texts_annotation - INFO - auth_service.py:49 - Mapped language 'Русский' to 'ru' for roma
2026-02-16 04:48:54,324 - texts_annotation - INFO - auth_service.py:49 - Mapped language 'Русский' to 'ru' for iskander
2026-02-16 04:48:54,324 - texts_annotation - INFO - auth_service.py:56 - Loaded 4 annotators
2026-02-16 04:48:54,326 - texts_annotation - WARNING - auth_service.py:77 - Authentication failed for: roma
2026-02-16 04:48:59,614 - texts_annotation - INFO - yaml_loader.py:23 - Loaded YAML file: data/annotators.yaml
2026-02-16 04:48:59,614 - texts_annotation - INFO - auth_service.py:49 - Mapped language 'Казахский' to 'kk' for adina
2026-02-16 04:48:59,615 - texts_annotation - INFO - auth_service.py:49 - Mapped language 'Казахский' to 'kk' for madina
2026-02-16 04:48:59,615 - texts_annotation - INFO - auth_service.py:49 - Mapped language 'Русский' to 'ru' for roma
2026-02-16 04:48:59,615 - texts_annotation - INFO - auth_service.py:49 - Mapped language 'Русский' to 'ru' for iskander
2026-02-16 04:48:59,615 - texts_annotation - INFO - auth_service.py:56 - Loaded 4 annotators
2026-02-16 04:48:59,618 - texts_annotation - INFO - auth_service.py:74 - Annotator authenticated: roma
2026-02-16 04:56:30,429 - texts_annotation - INFO - yaml_loader.py:23 - Loaded YAML file: data/annotators.yaml
2026-02-16 04:56:30,429 - texts_annotation - INFO - auth_service.py:49 - Mapped language 'Казахский' to 'kk' for adina
2026-02-16 04:56:30,429 - texts_annotation - INFO - auth_service.py:49 - Mapped language 'Казахский' to 'kk' for madina
2026-02-16 04:56:30,429 - texts_annotation - INFO - auth_service.py:49 - Mapped language 'Русский' to 'ru' for roma
2026-02-16 04:56:30,429 - texts_annotation - INFO - auth_service.py:49 - Mapped language 'Русский' to 'ru' for iskander
2026-02-16 04:56:30,429 - texts_annotation - INFO - auth_service.py:56 - Loaded 4 annotators
2026-02-16 04:56:35,856 - texts_annotation - INFO - yaml_loader.py:23 - Loaded YAML file: data/annotators.yaml
2026-02-16 04:56:35,857 - texts_annotation - INFO - auth_service.py:49 - Mapped language 'Казахский' to 'kk' for adina
2026-02-16 04:56:35,857 - texts_annotation - INFO - auth_service.py:49 - Mapped language 'Казахский' to 'kk' for madina
2026-02-16 04:56:35,857 - texts_annotation - INFO - auth_service.py:49 - Mapped language 'Русский' to 'ru' for roma
2026-02-16 04:56:35,857 - texts_annotation - INFO - auth_service.py:49 - Mapped language 'Русский' to 'ru' for iskander
2026-02-16 04:56:35,857 - texts_annotation - INFO - auth_service.py:56 - Loaded 4 annotators
2026-02-16 04:56:35,859 - texts_annotation - WARNING - auth_service.py:77 - Authentication failed for: roma
2026-02-16 04:56:39,390 - texts_annotation - INFO - yaml_loader.py:23 - Loaded YAML file: data/annotators.yaml
2026-02-16 04:56:39,391 - texts_annotation - INFO - auth_service.py:49 - Mapped language 'Казахский' to 'kk' for adina
2026-02-16 04:56:39,391 - texts_annotation - INFO - auth_service.py:49 - Mapped language 'Казахский' to 'kk' for madina
2026-02-16 04:56:39,391 - texts_annotation - INFO - auth_service.py:49 - Mapped language 'Русский' to 'ru' for roma
2026-02-16 04:56:39,391 - texts_annotation - INFO - auth_service.py:49 - Mapped language 'Русский' to 'ru' for iskander
2026-02-16 04:56:39,391 - texts_annotation - INFO - auth_service.py:56 - Loaded 4 annotators
2026-02-16 04:56:39,393 - texts_annotation - WARNING - auth_service.py:77 - Authentication failed for: roma
2026-02-16 04:56:40,476 - texts_annotation - INFO - yaml_loader.py:23 - Loaded YAML file: data/annotators.yaml
2026-02-16 04:56:40,476 - texts_annotation - INFO - auth_service.py:49 - Mapped language 'Казахский' to 'kk' for adina
2026-02-16 04:56:40,476 - texts_annotation - INFO - auth_service.py:49 - Mapped language 'Казахский' to 'kk' for madina
2026-02-16 04:56:40,476 - texts_annotation - INFO - auth_service.py:49 - Mapped language 'Русский' to 'ru' for roma
2026-02-16 04:56:40,476 - texts_annotation - INFO - auth_service.py:49 - Mapped language 'Русский' to 'ru' for iskander
2026-02-16 04:56:40,476 - texts_annotation - INFO - auth_service.py:56 - Loaded 4 annotators
2026-02-16 04:56:40,478 - texts_annotation - INFO - auth_service.py:74 - Annotator authenticated: roma
2026-02-16 04:58:45,728 - texts_annotation - INFO - text_repo.py:68 - Created text#192 with 3 candidates
2026-02-16 04:58:45,729 - texts_annotation - INFO - annotation_repo.py:78 - Saved 1 annotations for text#192 by roma
2026-02-16 04:58:45,729 - texts_annotation - INFO - annotation_repo.py:78 - Saved 1 annotations for text#192 by iskander
2026-02-16 04:58:45,730 - texts_annotation - INFO - text_repo.py:68 - Created text#193 with 3 candidates
2026-02-16 04:58:45,731 - texts_annotation - INFO - annotation_repo.py:78 - Saved 1 annotations for text#193 by roma
2026-02-16 04:58:45,732 - texts_annotation - INFO - annotation_repo.py:78 - Saved 1 annotations for text#193 by iskander
2026-02-16 04:58:45,732 - texts_annotation - INFO - text_repo.py:68 - Created text#194 with 3 candidates
2026-02-16 04:58:45,733 - texts_annotation - INFO - annotation_repo.py:78 - Saved 1 annotations for text#194 by roma
2026-02-16 04:58:45,734 - texts_annotation - INFO - annotation_repo.py:78 - Saved 1 annotations for text#194 by iskander
2026-02-16 04:58:45,735 - texts_annotation - INFO - text_repo.py:68 - Created text#195 with 3 candidates
2026-02-16 04:58:45,735 - texts_annotation - INFO - annotation_repo.py:78 - Saved 1 annotations for text#195 by roma
2026-02-16 04:58:45,736 - texts_annotation - INFO - annotation_repo.py:78 - Saved 1 annotations for text#195 by iskander
2026-02-16 04:58:45,736 - texts_annotation - INFO - text_repo.py:68 - Created text#196 with 3 candidates
2026-02-16 04:58:45,737 - texts_annotation - INFO - annotation_repo.py:78 - Saved 1 annotations for text#196 by roma
2026-02-16 04:58:45,738 - texts_annotation - INFO - annotation_repo.py:78 - Saved 1 annotations for text#196 by iskander
2026-02-16 04:58:45,738 - texts_annotation - INFO - text_repo.py:68 - Created text#197 with 3 candidates
2026-02-16 04:58:45,739 - texts_annotation - INFO - annotation_repo.py:78 - Saved 1 annotations for text#197 by roma
2026-02-16 04:58:45,739 - texts_annotation - INFO - annotation_repo.py:78 - Saved 1 annotations for text#197 by iskander
2026-02-16 04:58:45,740 - texts_annotation - INFO - text_repo.py:68 - Created text#198 with 3 candidates
2026-02-16 04:58:45,741 - texts_annotation - INFO - annotation_repo.py:78 - Saved 1 annotations for text#198 by roma
2026-02-16 04:58:45,741 - texts_annotation - INFO - annotation_repo.py:78 - Saved 1 annotations for text#198 by iskander
2026-02-16 04:58:45,742 - texts_annotation - INFO - text_repo.py:68 - Created text#199 with 3 candidates
2026-02-16 04:58:45,742 - texts_annotation - INFO - annotation_repo.py:78 - Saved 1 annotations for text#199 by roma
2026-02-16 04:58:45,743 - texts_annotation - INFO - annotation_repo.py:78 - Saved 1 annotations for text#199 by iskander
2026-02-16 04:58:45,743 - texts_annotation - INFO - text_repo.py:68 - Created text#200 with 3 candidates
2026-02-16 04:58:45,744 - texts_annotation - INFO - annotation_repo.py:78 - Saved 1 annotations for text#200 by roma
2026-02-16 04:58:45,745 - texts_annotation - INFO - annotation_repo.py:78 - Saved 1 annotations for text#200 by iskander
2026-02-16 04:58:45,745 - texts_annotation - INFO - text_repo.py:68 - Created text#201 with 3 candidates
2026-02-16 04:58:45,746 - texts_annotation - INFO - annotation_repo.py:78 - Saved 1 annotations for text#201 by roma
2026-02-16 04:58:45,747 - texts_annotation - INFO - annotation_repo.py:78 - Saved 1 annotations for text#201 by iskander
2026-02-16 04:58:45,747 - texts_annotation - INFO - text_repo.py:68 - Created text#202 with 3 candidates
2026-02-16 04:58:45,748 - texts_annotation - INFO - annotation_repo.py:78 - Saved 1 annotations for text#202 by roma
2026-02-16 04:58:45,748 - texts_annotation - INFO - annotation_repo.py:78 - Saved 1 annotations for text#202 by iskander
2026-02-16 04:58:45,749 - texts_annotation - INFO - text_repo.py:68 - Created text#203 with 3 candidates
2026-02-16 04:58:45,749 - texts_annotation - INFO - annotation_repo.py:78 - Saved 1 annotations for text#203 by roma
2026-02-16 04:58:45,750 - texts_annotation - INFO - annotation_repo.py:78 - Saved 1 annotations for text#203 by iskander
2026-02-16 04:58:45,751 - texts_annotation - INFO - text_repo.py:68 - Created text#204 with 3 candidates
2026-02-16 04:58:45,752 - texts_annotation - INFO - annotation_repo.py:78 - Saved 1 annotations for text#204 by roma
2026-02-16 04:58:45,752 - texts_annotation - INFO - annotation_repo.py:78 - Saved 1 annotations for text#204 by iskander
2026-02-16 04:58:45,755 - texts_annotation - INFO - text_repo.py:68 - Created text#205 with 3 candidates
2026-02-16 04:58:45,756 - texts_annotation - INFO - annotation_repo.py:78 - Saved 1 annotations for text#205 by roma
2026-02-16 04:58:45,757 - texts_annotation - INFO - annotation_repo.py:78 - Saved 1 annotations for text#205 by iskander
2026-02-16 04:58:45,758 - texts_annotation - INFO - text_repo.py:68 - Created text#206 with 3 candidates
2026-02-16 04:58:45,758 - texts_annotation - INFO - annotation_repo.py:78 - Saved 1 annotations for text#206 by roma
2026-02-16 04:58:45,759 - texts_annotation - INFO - annotation_repo.py:78 - Saved 1 annotations for text#206 by iskander
2026-02-16 04:58:45,759 - texts_annotation - INFO - text_repo.py:68 - Created text#207 with 3 candidates
2026-02-16 04:58:45,760 - texts_annotation - INFO - annotation_repo.py:78 - Saved 1 annotations for text#207 by roma
2026-02-16 04:58:45,761 - texts_annotation - INFO - annotation_repo.py:78 - Saved 1 annotations for text#207 by iskander
2026-02-16 04:58:45,762 - texts_annotation - INFO - text_repo.py:68 - Created text#208 with 3 candidates
2026-02-16 04:58:45,762 - texts_annotation - INFO - annotation_repo.py:78 - Saved 1 annotations for text#208 by roma
2026-02-16 04:58:45,763 - texts_annotation - INFO - annotation_repo.py:78 - Saved 1 annotations for text#208 by iskander
2026-02-16 04:58:45,763 - texts_annotation - INFO - text_repo.py:68 - Created text#209 with 3 candidates
2026-02-16 04:58:45,764 - texts_annotation - INFO - annotation_repo.py:78 - Saved 1 annotations for text#209 by roma
2026-02-16 04:58:45,764 - texts_annotation - INFO - annotation_repo.py:78 - Saved 1 annotations for text#209 by iskander
2026-02-16 04:58:45,765 - texts_annotation - INFO - text_repo.py:68 - Created text#210 with 3 candidates
2026-02-16 04:58:45,765 - texts_annotation - INFO - annotation_repo.py:78 - Saved 1 annotations for text#210 by roma
2026-02-16 04:58:45,766 - texts_annotation - INFO - annotation_repo.py:78 - Saved 1 annotations for text#210 by iskander
2026-02-16 04:58:45,767 - texts_annotation - INFO - text_repo.py:68 - Created text#211 with 3 candidates
2026-02-16 04:58:45,767 - texts_annotation - INFO - annotation_repo.py:78 - Saved 1 annotations for text#211 by roma
2026-02-16 04:58:45,768 - texts_annotation - INFO - annotation_repo.py:78 - Saved 1 annotations for text#211 by iskander
2026-02-16 04:58:45,768 - texts_annotation - INFO - text_repo.py:68 - Created text#212 with 3 candidates
2026-02-16 04:58:45,769 - texts_annotation - INFO - annotation_repo.py:78 - Saved 1 annotations for text#212 by roma
2026-02-16 04:58:45,769 - texts_annotation - INFO - annotation_repo.py:78 - Saved 1 annotations for text#212 by iskander
2026-02-16 04:58:45,770 - texts_annotation - INFO - text_repo.py:68 - Created text#213 with 3 candidates
2026-02-16 04:58:45,770 - texts_annotation - INFO - annotation_repo.py:78 - Saved 1 annotations for text#213 by roma
2026-02-16 04:58:45,771 - texts_annotation - INFO - annotation_repo.py:78 - Saved 1 annotations for text#213 by iskander
2026-02-16 04:58:45,772 - texts_annotation - INFO - text_repo.py:68 - Created text#214 with 3 candidates
2026-02-16 04:58:45,772 - texts_annotation - INFO - annotation_repo.py:78 - Saved 1 annotations for text#214 by roma
2026-02-16 04:58:45,773 - texts_annotation - INFO - annotation_repo.py:78 - Saved 1 annotations for text#214 by iskander
2026-02-16 04:58:45,774 - texts_annotation - INFO - text_repo.py:68 - Created text#215 with 3 candidates
2026-02-16 04:58:45,774 - texts_annotation - INFO - annotation_repo.py:78 - Saved 1 annotations for text#215 by roma
2026-02-16 04:58:45,775 - texts_annotation - INFO - annotation_repo.py:78 - Saved 1 annotations for text#215 by iskander
2026-02-16 04:58:45,775 - texts_annotation - INFO - text_repo.py:68 - Created text#216 with 3 candidates
2026-02-16 04:58:45,776 - texts_annotation - INFO - annotation_repo.py:78 - Saved 1 annotations for text#216 by roma
2026-02-16 04:58:45,777 - texts_annotation - INFO - annotation_repo.py:78 - Saved 1 annotations for text#216 by iskander
2026-02-16 04:58:45,777 - texts_annotation - INFO - text_repo.py:68 - Created text#217 with 3 candidates
2026-02-16 04:58:45,778 - texts_annotation - INFO - annotation_repo.py:78 - Saved 2 annotations for text#217 by roma
2026-02-16 04:58:45,778 - texts_annotation - INFO - annotation_repo.py:78 - Saved 2 annotations for text#217 by iskander
2026-02-16 04:58:45,779 - texts_annotation - INFO - text_repo.py:68 - Created text#218 with 3 candidates
2026-02-16 04:58:45,779 - texts_annotation - INFO - annotation_repo.py:78 - Saved 2 annotations for text#218 by roma
2026-02-16 04:58:45,780 - texts_annotation - INFO - annotation_repo.py:78 - Saved 2 annotations for text#218 by iskander
2026-02-16 04:58:45,781 - texts_annotation - INFO - text_repo.py:68 - Created text#219 with 3 candidates
2026-02-16 04:58:45,781 - texts_annotation - INFO - annotation_repo.py:78 - Saved 2 annotations for text#219 by roma
2026-02-16 04:58:45,782 - texts_annotation - INFO - annotation_repo.py:78 - Saved 2 annotations for text#219 by iskander
2026-02-16 04:58:45,782 - texts_annotation - INFO - text_repo.py:68 - Created text#220 with 3 candidates
2026-02-16 04:58:45,783 - texts_annotation - INFO - annotation_repo.py:78 - Saved 2 annotations for text#220 by roma
2026-02-16 04:58:45,783 - texts_annotation - INFO - annotation_repo.py:78 - Saved 2 annotations for text#220 by iskander
2026-02-16 04:58:45,784 - texts_annotation - INFO - text_repo.py:68 - Created text#221 with 3 candidates
2026-02-16 04:58:45,785 - texts_annotation - INFO - annotation_repo.py:78 - Saved 2 annotations for text#221 by roma
2026-02-16 04:58:45,785 - texts_annotation - INFO - annotation_repo.py:78 - Saved 2 annotations for text#221 by iskander
2026-02-16 04:58:45,786 - texts_annotation - INFO - text_repo.py:68 - Created text#222 with 0 candidates
2026-02-16 04:58:45,787 - texts_annotation - INFO - annotation_repo.py:96 - Text#222 skipped by adina
2026-02-16 04:58:45,787 - texts_annotation - INFO - text_repo.py:68 - Created text#223 with 0 candidates
2026-02-16 04:58:45,788 - texts_annotation - INFO - annotation_repo.py:96 - Text#223 skipped by adina
2026-02-16 04:58:45,788 - texts_annotation - INFO - text_repo.py:68 - Created text#224 with 0 candidates
2026-02-16 04:58:45,789 - texts_annotation - INFO - annotation_repo.py:96 - Text#224 skipped by adina
2026-02-16 04:58:45,789 - texts_annotation - INFO - text_repo.py:68 - Created text#225 with 0 candidates
2026-02-16 04:58:45,790 - texts_annotation - INFO - text_repo.py:68 - Created text#226 with 0 candidates
2026-02-16 04:58:45,790 - texts_annotation - INFO - text_repo.py:68 - Created text#227 with 0 candidates
2026-02-16 04:58:45,791 - texts_annotation - INFO - text_repo.py:68 - Created text#228 with 0 candidates
2026-02-16 04:58:45,791 - texts_annotation - INFO - text_repo.py:68 - Created text#229 with 0 candidates
2026-02-16 04:58:45,792 - texts_annotation - INFO - text_repo.py:68 - Created text#230 with 0 candidates
2026-02-16 04:58:45,792 - texts_annotation - INFO - text_repo.py:68 - Created text#231 with 0 candidates
2026-02-16 04:58:45,793 - texts_annotation - INFO - text_repo.py:68 - Created text#232 with 0 candidates
2026-02-16 04:58:45,793 - texts_annotation - INFO - text_repo.py:68 - Created text#233 with 0 candidates
2026-02-16 04:58:45,794 - texts_annotation - INFO - text_repo.py:68 - Created text#234 with 0 candidates
